id_estudiante,clase_observada,raisedhands_actual,raisedhands_recomendado,raisedhands_cambio,VisITedResources_actual,VisITedResources_recomendado,VisITedResources_cambio,AnnouncementsView_actual,AnnouncementsView_recomendado,AnnouncementsView_cambio,Discussion_actual,Discussion_recomendado,Discussion_cambio,Class_fcm_base,Class_fcm_prescrito,nivel_base,nivel_prescrito,exito
14,L,5.0,100.0,95.0,3.0,99.0,96.0,2.0,98.0,96.0,10.0,10.0,0.0,0.3547,0.8737,M,H,True
16,L,12.0,100.0,88.0,12.0,99.0,87.0,4.0,98.0,94.0,56.0,56.0,0.0,0.2782,0.8108,M,H,True
21,M,28.0,100.0,72.0,34.0,99.0,65.0,24.0,98.0,74.0,74.0,74.0,0.0,0.6433,0.9111,M,H,True
24,M,62.0,100.0,38.0,61.0,99.0,38.0,60.0,98.0,38.0,44.0,44.0,0.0,0.601,0.8042,M,H,True
34,L,11.0,100.0,89.0,43.0,99.0,56.0,29.0,98.0,69.0,13.0,13.0,0.0,0.1562,0.5533,L,M,False
37,M,69.0,100.0,31.0,85.0,99.0,14.0,41.0,98.0,57.0,24.0,24.0,0.0,0.839,0.9153,H,H,True
47,L,4.0,100.0,96.0,12.0,99.0,87.0,5.0,98.0,93.0,20.0,20.0,0.0,0.1961,0.7447,L,M,False
48,M,50.0,100.0,50.0,57.0,99.0,42.0,23.0,98.0,75.0,35.0,35.0,0.0,0.3093,0.6613,M,M,False
49,M,84.0,100.0,16.0,57.0,99.0,42.0,65.0,98.0,33.0,88.0,88.0,0.0,0.877,0.9344,H,H,True
50,L,13.0,100.0,87.0,16.0,99.0,83.0,25.0,98.0,73.0,9.0,9.0,0.0,0.3472,0.8286,M,H,True
53,M,78.0,100.0,22.0,82.0,99.0,17.0,78.0,98.0,20.0,53.0,53.0,0.0,0.6934,0.7901,M,H,True
55,L,11.0,100.0,89.0,14.0,99.0,85.0,14.0,98.0,84.0,71.0,71.0,0.0,0.3062,0.819,M,H,True
59,M,51.0,100.0,49.0,37.0,99.0,62.0,25.0,98.0,73.0,23.0,23.0,0.0,0.5982,0.8739,M,H,True
71,L,10.0,100.0,90.0,13.0,99.0,86.0,9.0,98.0,89.0,29.0,29.0,0.0,0.1399,0.6296,L,M,False
72,M,50.0,100.0,50.0,45.0,99.0,54.0,15.0,98.0,83.0,43.0,43.0,0.0,0.2715,0.6592,M,M,False
75,M,37.0,100.0,63.0,19.0,99.0,80.0,29.0,98.0,69.0,45.0,45.0,0.0,0.7305,0.9369,M,H,True
76,L,9.0,100.0,91.0,6.0,99.0,93.0,1.0,98.0,97.0,15.0,15.0,0.0,0.1705,0.7166,L,M,False
79,M,82.0,100.0,18.0,86.0,99.0,13.0,75.0,98.0,23.0,52.0,52.0,0.0,0.6774,0.7681,M,H,True
82,M,22.0,100.0,78.0,51.0,99.0,48.0,45.0,98.0,53.0,23.0,23.0,0.0,0.6808,0.9047,M,H,True
91,M,73.0,100.0,27.0,82.0,99.0,17.0,82.0,98.0,16.0,36.0,36.0,0.0,0.7101,0.8056,M,H,True
93,L,13.0,100.0,87.0,5.0,99.0,94.0,18.0,98.0,80.0,19.0,19.0,0.0,0.0882,0.4756,L,M,False
95,M,45.0,100.0,55.0,95.0,99.0,4.0,12.0,98.0,86.0,13.0,13.0,0.0,0.4606,0.7372,M,M,False
96,M,24.0,100.0,76.0,23.0,99.0,76.0,22.0,98.0,76.0,15.0,15.0,0.0,0.2073,0.6737,L,M,False
99,M,42.0,100.0,58.0,40.0,99.0,59.0,54.0,98.0,44.0,18.0,18.0,0.0,0.5945,0.8583,M,H,True
105,M,81.0,100.0,19.0,59.0,99.0,40.0,46.0,98.0,52.0,34.0,34.0,0.0,0.6352,0.814,M,H,True
112,L,15.0,100.0,85.0,15.0,99.0,84.0,5.0,98.0,93.0,12.0,12.0,0.0,0.1434,0.6271,L,M,False
119,M,18.0,100.0,82.0,78.0,99.0,21.0,12.0,98.0,86.0,12.0,12.0,0.0,0.3058,0.6962,M,M,False
123,M,49.0,100.0,51.0,79.0,99.0,20.0,59.0,98.0,39.0,26.0,26.0,0.0,0.618,0.8072,M,H,True
136,L,22.0,100.0,78.0,40.0,99.0,59.0,39.0,98.0,59.0,25.0,25.0,0.0,0.2415,0.66,L,M,False
138,M,47.0,100.0,53.0,75.0,99.0,24.0,21.0,98.0,77.0,28.0,28.0,0.0,0.7721,0.9147,H,H,True
144,L,8.0,100.0,92.0,27.0,99.0,72.0,22.0,98.0,76.0,19.0,19.0,0.0,0.5449,0.9029,M,H,True
153,L,10.0,100.0,90.0,23.0,99.0,76.0,16.0,98.0,82.0,89.0,89.0,0.0,0.1587,0.6335,L,M,False
156,L,10.0,100.0,90.0,9.0,99.0,90.0,2.0,98.0,96.0,1.0,1.0,0.0,0.3048,0.8367,M,H,True
158,M,79.0,100.0,21.0,56.0,99.0,43.0,20.0,98.0,78.0,40.0,40.0,0.0,0.7916,0.9151,H,H,True
162,L,3.0,100.0,97.0,7.0,99.0,92.0,10.0,98.0,88.0,32.0,32.0,0.0,0.153,0.6845,L,M,False
165,M,34.0,100.0,66.0,54.0,99.0,45.0,31.0,98.0,67.0,30.0,30.0,0.0,0.2014,0.5489,L,M,False
166,M,71.0,100.0,29.0,69.0,99.0,30.0,54.0,98.0,44.0,45.0,45.0,0.0,0.6402,0.8088,M,H,True
169,L,70.0,100.0,30.0,40.0,99.0,59.0,2.0,98.0,96.0,16.0,16.0,0.0,0.3438,0.7194,M,M,False
177,M,70.0,100.0,30.0,50.0,99.0,49.0,33.0,98.0,65.0,40.0,40.0,0.0,0.3664,0.6746,M,M,False
179,L,5.0,100.0,95.0,3.0,99.0,96.0,16.0,98.0,82.0,11.0,11.0,0.0,0.1752,0.7175,L,M,False
182,L,6.0,100.0,94.0,2.0,99.0,97.0,4.0,98.0,94.0,38.0,38.0,0.0,0.2802,0.8338,M,H,True
191,L,69.0,100.0,31.0,37.0,99.0,62.0,8.0,98.0,90.0,18.0,18.0,0.0,0.3432,0.719,M,M,False
194,M,37.0,100.0,63.0,42.0,99.0,57.0,24.0,98.0,74.0,51.0,51.0,0.0,0.2513,0.6571,M,M,False
200,M,92.0,100.0,8.0,88.0,99.0,11.0,67.0,98.0,31.0,45.0,45.0,0.0,0.8474,0.8878,H,H,True
201,M,78.0,100.0,22.0,67.0,99.0,32.0,69.0,98.0,29.0,64.0,64.0,0.0,0.6623,0.801,M,H,True
205,L,5.0,100.0,95.0,9.0,99.0,90.0,3.0,98.0,95.0,21.0,21.0,0.0,0.1728,0.7192,L,M,False
213,M,70.0,100.0,30.0,49.0,99.0,50.0,24.0,98.0,74.0,59.0,59.0,0.0,0.7956,0.925,H,H,True
229,L,3.0,100.0,97.0,0.0,99.0,99.0,3.0,98.0,95.0,56.0,56.0,0.0,0.2651,0.8312,M,H,True
231,M,54.0,100.0,46.0,56.0,99.0,43.0,46.0,98.0,52.0,50.0,50.0,0.0,0.3241,0.6344,M,M,False
235,M,76.0,100.0,24.0,73.0,99.0,26.0,31.0,98.0,67.0,48.0,48.0,0.0,0.8192,0.9132,H,H,True
238,M,33.0,100.0,67.0,29.0,99.0,70.0,12.0,98.0,86.0,42.0,42.0,0.0,0.1847,0.6187,L,M,False
241,L,52.0,100.0,48.0,70.0,99.0,29.0,52.0,98.0,46.0,32.0,32.0,0.0,0.2852,0.5476,M,M,False
243,M,38.0,100.0,62.0,63.0,99.0,36.0,24.0,98.0,74.0,52.0,52.0,0.0,0.664,0.8874,M,H,True
244,M,51.0,100.0,49.0,42.0,99.0,57.0,12.0,98.0,86.0,29.0,29.0,0.0,0.2668,0.6629,M,M,False
245,L,8.0,100.0,92.0,3.0,99.0,96.0,6.0,98.0,92.0,13.0,13.0,0.0,0.0789,0.4774,L,M,False
249,L,8.0,100.0,92.0,13.0,99.0,86.0,7.0,98.0,91.0,22.0,22.0,0.0,0.1792,0.7092,L,M,False
250,L,5.0,100.0,95.0,1.0,99.0,98.0,0.0,98.0,98.0,11.0,11.0,0.0,0.1161,0.6274,L,M,False
252,M,13.0,100.0,87.0,46.0,99.0,53.0,17.0,98.0,81.0,24.0,24.0,0.0,0.6058,0.9052,M,H,True
254,M,59.0,100.0,41.0,79.0,99.0,20.0,75.0,98.0,23.0,30.0,30.0,0.0,0.5499,0.7264,M,M,False
259,L,6.0,100.0,94.0,13.0,99.0,86.0,5.0,98.0,93.0,11.0,11.0,0.0,0.1051,0.5539,L,M,False
266,M,15.0,100.0,85.0,52.0,99.0,47.0,83.0,98.0,15.0,11.0,11.0,0.0,0.8022,0.9338,H,H,True
269,L,19.0,100.0,81.0,5.0,99.0,94.0,8.0,98.0,90.0,9.0,9.0,0.0,0.4275,0.8829,M,H,True
270,M,33.0,100.0,67.0,92.0,99.0,7.0,32.0,98.0,66.0,35.0,35.0,0.0,0.6146,0.8334,M,H,True
284,L,9.0,100.0,91.0,7.0,99.0,92.0,13.0,98.0,85.0,56.0,56.0,0.0,0.2742,0.8108,M,H,True
288,M,16.0,100.0,84.0,26.0,99.0,73.0,25.0,98.0,73.0,37.0,37.0,0.0,0.1947,0.6612,L,M,False
290,M,71.0,100.0,29.0,81.0,99.0,18.0,74.0,98.0,24.0,30.0,30.0,0.0,0.8204,0.8893,H,H,True
294,M,49.0,100.0,51.0,73.0,99.0,26.0,15.0,98.0,83.0,35.0,35.0,0.0,0.2385,0.5474,L,M,False
302,M,41.0,100.0,59.0,41.0,99.0,58.0,24.0,98.0,74.0,23.0,23.0,0.0,0.6702,0.9053,M,H,True
304,M,63.0,100.0,37.0,63.0,99.0,36.0,39.0,98.0,59.0,47.0,47.0,0.0,0.6896,0.8654,M,H,True
305,M,42.0,100.0,58.0,24.0,99.0,75.0,18.0,98.0,80.0,24.0,24.0,0.0,0.5757,0.8902,M,H,True
310,M,70.0,100.0,30.0,87.0,99.0,12.0,67.0,98.0,31.0,56.0,56.0,0.0,0.7314,0.8312,M,H,True
313,M,12.0,100.0,88.0,26.0,99.0,73.0,7.0,98.0,91.0,40.0,40.0,0.0,0.6674,0.9379,M,H,True
331,M,44.0,100.0,56.0,54.0,99.0,45.0,10.0,98.0,88.0,20.0,20.0,0.0,0.7161,0.9156,M,H,True
334,M,24.0,100.0,76.0,80.0,99.0,19.0,24.0,98.0,74.0,23.0,23.0,0.0,0.3869,0.735,M,M,False
335,M,79.0,100.0,21.0,84.0,99.0,15.0,58.0,98.0,40.0,61.0,61.0,0.0,0.8157,0.8862,H,H,True
336,L,22.0,100.0,78.0,5.0,99.0,94.0,7.0,98.0,91.0,22.0,22.0,0.0,0.0962,0.5009,L,M,False
340,L,10.0,100.0,90.0,18.0,99.0,81.0,16.0,98.0,82.0,76.0,76.0,0.0,0.2395,0.7584,L,H,True
341,M,50.0,100.0,50.0,44.0,99.0,55.0,31.0,98.0,67.0,38.0,38.0,0.0,0.3057,0.6751,M,M,False
344,L,7.0,100.0,93.0,14.0,99.0,85.0,18.0,98.0,80.0,23.0,23.0,0.0,0.1052,0.5263,L,M,False
350,M,81.0,100.0,19.0,60.0,99.0,39.0,16.0,98.0,82.0,20.0,20.0,0.0,0.6184,0.8303,M,H,True
353,L,5.0,100.0,95.0,11.0,99.0,88.0,8.0,98.0,90.0,26.0,26.0,0.0,0.4678,0.9023,M,H,True
357,M,31.0,100.0,69.0,52.0,99.0,47.0,23.0,98.0,75.0,46.0,46.0,0.0,0.6216,0.888,M,H,True
358,M,22.0,100.0,78.0,21.0,99.0,78.0,44.0,98.0,54.0,28.0,28.0,0.0,0.5327,0.8801,M,H,True
359,M,21.0,100.0,79.0,41.0,99.0,58.0,59.0,98.0,39.0,22.0,22.0,0.0,0.766,0.9332,H,H,True
364,L,13.0,100.0,87.0,6.0,99.0,93.0,17.0,98.0,81.0,16.0,16.0,0.0,0.2169,0.7497,L,M,False
371,L,17.0,100.0,83.0,14.0,99.0,85.0,9.0,98.0,89.0,41.0,41.0,0.0,0.0988,0.4952,L,M,False
398,L,16.0,100.0,84.0,6.0,99.0,93.0,6.0,98.0,92.0,16.0,16.0,0.0,0.3929,0.873,M,H,True
407,M,71.0,100.0,29.0,42.0,99.0,57.0,69.0,98.0,29.0,80.0,80.0,0.0,0.4577,0.7157,M,M,False
413,M,69.0,100.0,31.0,81.0,99.0,18.0,20.0,98.0,78.0,29.0,29.0,0.0,0.7952,0.9058,H,H,True
417,M,42.0,100.0,58.0,54.0,99.0,45.0,44.0,98.0,54.0,24.0,24.0,0.0,0.2329,0.5566,L,M,False
423,M,70.0,100.0,30.0,95.0,99.0,4.0,9.0,98.0,89.0,10.0,10.0,0.0,0.8518,0.9283,H,H,True
427,M,49.0,100.0,51.0,38.0,99.0,61.0,46.0,98.0,52.0,92.0,92.0,0.0,0.352,0.7129,M,M,False
428,M,66.0,100.0,34.0,65.0,99.0,34.0,62.0,98.0,36.0,62.0,62.0,0.0,0.3106,0.5393,M,M,False
434,M,32.0,100.0,68.0,80.0,99.0,19.0,58.0,98.0,40.0,46.0,46.0,0.0,0.5326,0.7807,M,H,True
435,L,6.0,100.0,94.0,4.0,99.0,95.0,5.0,98.0,93.0,10.0,10.0,0.0,0.1683,0.7177,L,M,False
437,L,12.0,100.0,88.0,42.0,99.0,57.0,37.0,98.0,61.0,10.0,10.0,0.0,0.1521,0.5302,L,M,False
439,M,89.0,100.0,11.0,67.0,99.0,32.0,64.0,98.0,34.0,47.0,47.0,0.0,0.6951,0.8118,M,H,True
442,L,9.0,100.0,91.0,7.0,99.0,92.0,9.0,98.0,89.0,3.0,3.0,0.0,0.281,0.8193,M,H,True
448,L,27.0,100.0,73.0,18.0,99.0,81.0,6.0,98.0,92.0,17.0,17.0,0.0,0.2187,0.7161,L,M,False
451,M,55.0,100.0,45.0,13.0,99.0,86.0,35.0,98.0,63.0,90.0,90.0,0.0,0.1798,0.5575,L,M,False
454,L,11.0,100.0,89.0,11.0,99.0,88.0,26.0,98.0,72.0,79.0,79.0,0.0,0.1745,0.6726,L,M,False
466,M,17.0,100.0,83.0,84.0,99.0,15.0,32.0,98.0,66.0,28.0,28.0,0.0,0.5949,0.8525,M,H,True
468,M,72.0,100.0,28.0,80.0,99.0,19.0,58.0,98.0,40.0,66.0,66.0,0.0,0.6709,0.8067,M,H,True
470,L,8.0,100.0,92.0,17.0,99.0,82.0,16.0,98.0,82.0,79.0,79.0,0.0,0.4896,0.8975,M,H,True
478,L,8.0,100.0,92.0,19.0,99.0,80.0,21.0,98.0,77.0,47.0,47.0,0.0,0.1096,0.5191,L,M,False
480,L,9.0,100.0,91.0,23.0,99.0,76.0,3.0,98.0,95.0,60.0,60.0,0.0,0.1512,0.6414,L,M,False
483,M,33.0,100.0,67.0,21.0,99.0,78.0,28.0,98.0,70.0,40.0,40.0,0.0,0.2121,0.6561,L,M,False
489,L,9.0,100.0,91.0,6.0,99.0,93.0,10.0,98.0,88.0,67.0,67.0,0.0,0.1247,0.6117,L,M,False
507,M,36.0,100.0,64.0,80.0,99.0,19.0,53.0,98.0,45.0,42.0,42.0,0.0,0.5353,0.7814,M,H,True
508,L,17.0,100.0,83.0,8.0,99.0,91.0,11.0,98.0,87.0,24.0,24.0,0.0,0.1585,0.6603,L,M,False
512,L,39.0,100.0,61.0,15.0,99.0,84.0,16.0,98.0,82.0,50.0,50.0,0.0,0.1212,0.4925,L,M,False
514,M,87.0,100.0,13.0,86.0,99.0,13.0,36.0,98.0,62.0,10.0,10.0,0.0,0.7828,0.8701,H,H,True
528,M,65.0,100.0,35.0,93.0,99.0,6.0,81.0,98.0,17.0,62.0,62.0,0.0,0.6921,0.7884,M,H,True
541,M,61.0,100.0,39.0,79.0,99.0,20.0,76.0,98.0,22.0,32.0,32.0,0.0,0.6707,0.8062,M,H,True
549,M,66.0,100.0,34.0,90.0,99.0,9.0,55.0,98.0,43.0,12.0,12.0,0.0,0.7238,0.8376,M,H,True
551,L,20.0,100.0,80.0,8.0,99.0,91.0,11.0,98.0,87.0,3.0,3.0,0.0,0.2502,0.775,M,H,True
556,L,5.0,100.0,95.0,11.0,99.0,88.0,7.0,98.0,91.0,24.0,24.0,0.0,0.4021,0.8813,M,H,True
569,L,42.0,100.0,58.0,44.0,99.0,55.0,37.0,98.0,61.0,31.0,31.0,0.0,0.3299,0.7071,M,M,False
572,M,43.0,100.0,57.0,82.0,99.0,17.0,25.0,98.0,73.0,28.0,28.0,0.0,0.7566,0.9043,H,H,True
583,M,24.0,100.0,76.0,55.0,99.0,44.0,32.0,98.0,66.0,40.0,40.0,0.0,0.7287,0.9222,M,H,True
586,M,46.0,100.0,54.0,88.0,99.0,11.0,41.0,98.0,57.0,45.0,45.0,0.0,0.6471,0.8319,M,H,True
587,L,10.0,100.0,90.0,42.0,99.0,57.0,19.0,98.0,79.0,18.0,18.0,0.0,0.1455,0.5518,L,M,False
589,M,21.0,100.0,79.0,26.0,99.0,73.0,35.0,98.0,63.0,21.0,21.0,0.0,0.1889,0.6246,L,M,False
590,M,16.0,100.0,84.0,20.0,99.0,79.0,32.0,98.0,66.0,18.0,18.0,0.0,0.459,0.8673,M,H,True
599,M,54.0,100.0,46.0,40.0,99.0,59.0,27.0,98.0,71.0,30.0,30.0,0.0,0.5145,0.8288,M,H,True
607,M,74.0,100.0,26.0,88.0,99.0,11.0,37.0,98.0,61.0,16.0,16.0,0.0,0.709,0.8361,M,H,True
617,M,41.0,100.0,59.0,58.0,99.0,41.0,15.0,98.0,83.0,52.0,52.0,0.0,0.2455,0.6159,L,M,False
619,M,35.0,100.0,65.0,36.0,99.0,63.0,24.0,98.0,74.0,74.0,74.0,0.0,0.5848,0.8852,M,H,True
623,L,13.0,100.0,87.0,8.0,99.0,91.0,9.0,98.0,89.0,6.0,6.0,0.0,0.3178,0.836,M,H,True
624,L,19.0,100.0,81.0,25.0,99.0,74.0,13.0,98.0,85.0,72.0,72.0,0.0,0.2143,0.7024,L,M,False
625,M,27.0,100.0,73.0,61.0,99.0,38.0,34.0,98.0,64.0,56.0,56.0,0.0,0.7449,0.921,M,H,True
627,M,35.0,100.0,65.0,35.0,99.0,64.0,49.0,98.0,49.0,33.0,33.0,0.0,0.6087,0.8796,M,H,True
628,M,19.0,100.0,81.0,58.0,99.0,41.0,69.0,98.0,29.0,16.0,16.0,0.0,0.8023,0.9335,H,H,True
633,L,28.0,100.0,72.0,16.0,99.0,83.0,14.0,98.0,84.0,37.0,37.0,0.0,0.1413,0.5732,L,M,False
638,M,65.0,100.0,35.0,35.0,99.0,64.0,43.0,98.0,55.0,18.0,18.0,0.0,0.561,0.8306,M,H,True
646,M,44.0,100.0,56.0,57.0,99.0,42.0,38.0,98.0,60.0,28.0,28.0,0.0,0.7558,0.915,H,H,True
668,M,40.0,100.0,60.0,76.0,99.0,23.0,48.0,98.0,50.0,31.0,31.0,0.0,0.5416,0.7908,M,H,True
672,M,13.0,100.0,87.0,14.0,99.0,85.0,46.0,98.0,52.0,24.0,24.0,0.0,0.3778,0.8297,M,H,True
673,M,27.0,100.0,73.0,58.0,99.0,41.0,34.0,98.0,64.0,34.0,34.0,0.0,0.2029,0.5537,L,M,False
675,M,56.0,100.0,44.0,54.0,99.0,45.0,54.0,98.0,44.0,59.0,59.0,0.0,0.6507,0.8531,M,H,True
676,L,7.0,100.0,93.0,15.0,99.0,84.0,7.0,98.0,91.0,26.0,26.0,0.0,0.4167,0.8811,M,H,True
680,M,83.0,100.0,17.0,70.0,99.0,29.0,42.0,98.0,56.0,13.0,13.0,0.0,0.5351,0.7302,M,M,False
685,L,16.0,100.0,84.0,12.0,99.0,87.0,21.0,98.0,77.0,25.0,25.0,0.0,0.3199,0.8174,M,H,True
686,M,55.0,100.0,45.0,93.0,99.0,6.0,26.0,98.0,72.0,34.0,34.0,0.0,0.5559,0.7716,M,H,True
687,M,35.0,100.0,65.0,58.0,99.0,41.0,40.0,98.0,58.0,31.0,31.0,0.0,0.5958,0.8567,M,H,True
690,L,12.0,100.0,88.0,9.0,99.0,90.0,20.0,98.0,78.0,50.0,50.0,0.0,0.1723,0.68,L,M,False
692,M,10.0,100.0,90.0,21.0,99.0,78.0,7.0,98.0,91.0,43.0,43.0,0.0,0.6505,0.9377,M,H,True
698,M,34.0,100.0,66.0,45.0,99.0,54.0,36.0,98.0,62.0,80.0,80.0,0.0,0.3973,0.7742,M,H,True
705,L,7.0,100.0,93.0,5.0,99.0,94.0,4.0,98.0,94.0,4.0,4.0,0.0,0.1709,0.7191,L,M,False
709,L,11.0,100.0,89.0,14.0,99.0,85.0,10.0,98.0,88.0,41.0,41.0,0.0,0.1413,0.6263,L,M,False
715,M,38.0,100.0,62.0,29.0,99.0,70.0,42.0,98.0,56.0,48.0,48.0,0.0,0.3125,0.7231,M,M,False
727,M,20.0,100.0,80.0,73.0,99.0,26.0,18.0,98.0,80.0,20.0,20.0,0.0,0.5875,0.8683,M,H,True
732,M,73.0,100.0,27.0,63.0,99.0,36.0,59.0,98.0,39.0,60.0,60.0,0.0,0.3401,0.5664,M,M,False
734,M,18.0,100.0,82.0,14.0,99.0,85.0,39.0,98.0,59.0,23.0,23.0,0.0,0.5644,0.9025,M,H,True
737,M,58.0,100.0,42.0,74.0,99.0,25.0,48.0,98.0,50.0,42.0,42.0,0.0,0.4217,0.6741,M,M,False
749,L,6.0,100.0,94.0,9.0,99.0,90.0,8.0,98.0,90.0,5.0,5.0,0.0,0.304,0.8361,M,H,True
752,M,94.0,100.0,6.0,85.0,99.0,14.0,60.0,98.0,38.0,47.0,47.0,0.0,0.8402,0.8876,H,H,True
758,M,65.0,100.0,35.0,57.0,99.0,42.0,45.0,98.0,53.0,47.0,47.0,0.0,0.572,0.8037,M,H,True
774,L,21.0,100.0,79.0,24.0,99.0,75.0,3.0,98.0,95.0,8.0,8.0,0.0,0.449,0.8739,M,H,True
781,M,53.0,100.0,47.0,61.0,99.0,38.0,71.0,98.0,27.0,15.0,15.0,0.0,0.7615,0.8911,H,H,True
802,M,32.0,100.0,68.0,44.0,99.0,55.0,34.0,98.0,64.0,27.0,27.0,0.0,0.2324,0.6229,L,M,False
804,M,32.0,100.0,68.0,33.0,99.0,66.0,30.0,98.0,68.0,38.0,38.0,0.0,0.1668,0.5465,L,M,False
810,M,51.0,100.0,49.0,82.0,99.0,17.0,53.0,98.0,45.0,43.0,43.0,0.0,0.705,0.8551,M,H,True
818,M,48.0,100.0,52.0,79.0,99.0,20.0,55.0,98.0,43.0,51.0,51.0,0.0,0.5641,0.7797,M,H,True
820,M,81.0,100.0,19.0,50.0,99.0,49.0,18.0,98.0,80.0,42.0,42.0,0.0,0.758,0.9047,H,H,True
822,L,8.0,100.0,92.0,15.0,99.0,84.0,10.0,98.0,88.0,40.0,40.0,0.0,0.4202,0.8796,M,H,True
823,M,47.0,100.0,53.0,83.0,99.0,16.0,45.0,98.0,53.0,30.0,30.0,0.0,0.711,0.8671,M,H,True
826,L,17.0,100.0,83.0,9.0,99.0,90.0,9.0,98.0,89.0,21.0,21.0,0.0,0.4065,0.8724,M,H,True
834,L,19.0,100.0,81.0,44.0,99.0,55.0,43.0,98.0,55.0,17.0,17.0,0.0,0.1249,0.4298,L,M,False
836,L,8.0,100.0,92.0,53.0,99.0,46.0,21.0,98.0,77.0,17.0,17.0,0.0,0.1579,0.5521,L,M,False
838,M,36.0,100.0,64.0,26.0,99.0,73.0,15.0,98.0,83.0,28.0,28.0,0.0,0.2159,0.6631,L,M,False
839,M,53.0,100.0,47.0,83.0,99.0,16.0,48.0,98.0,50.0,9.0,9.0,0.0,0.7314,0.8695,M,H,True
842,L,39.0,100.0,61.0,47.0,99.0,52.0,3.0,98.0,95.0,40.0,40.0,0.0,0.2894,0.7148,M,M,False
843,L,2.0,100.0,98.0,1.0,99.0,98.0,4.0,98.0,94.0,67.0,67.0,0.0,0.1102,0.6117,L,M,False
847,M,21.0,100.0,79.0,29.0,99.0,70.0,26.0,98.0,72.0,48.0,48.0,0.0,0.5813,0.9003,M,H,True
849,M,15.0,100.0,85.0,17.0,99.0,82.0,3.0,98.0,95.0,20.0,20.0,0.0,0.5122,0.9055,M,H,True
851,M,55.0,100.0,45.0,27.0,99.0,72.0,31.0,98.0,67.0,33.0,33.0,0.0,0.6338,0.8893,M,H,True
857,M,64.0,100.0,36.0,95.0,99.0,4.0,19.0,98.0,79.0,22.0,22.0,0.0,0.8512,0.9275,H,H,True
858,M,32.0,100.0,68.0,75.0,99.0,24.0,45.0,98.0,53.0,39.0,39.0,0.0,0.3427,0.6607,M,M,False
868,L,4.0,100.0,96.0,12.0,99.0,87.0,15.0,98.0,83.0,45.0,45.0,0.0,0.0977,0.5197,L,M,False
870,M,32.0,100.0,68.0,44.0,99.0,55.0,29.0,98.0,69.0,89.0,89.0,0.0,0.679,0.9099,M,H,True
881,M,77.0,100.0,23.0,74.0,99.0,25.0,70.0,98.0,28.0,19.0,19.0,0.0,0.7218,0.8304,M,H,True
896,M,60.0,100.0,40.0,81.0,99.0,18.0,26.0,98.0,72.0,39.0,39.0,0.0,0.6207,0.8218,M,H,True
900,M,27.0,100.0,73.0,19.0,99.0,80.0,41.0,98.0,57.0,22.0,22.0,0.0,0.7124,0.9332,M,H,True
906,M,23.0,100.0,77.0,12.0,99.0,87.0,22.0,98.0,76.0,17.0,17.0,0.0,0.4171,0.8584,M,H,True
912,M,75.0,100.0,25.0,71.0,99.0,28.0,76.0,98.0,22.0,80.0,80.0,0.0,0.7457,0.847,M,H,True
914,L,6.0,100.0,94.0,12.0,99.0,87.0,15.0,98.0,83.0,27.0,27.0,0.0,0.1676,0.6858,L,M,False
916,M,21.0,100.0,79.0,78.0,99.0,21.0,31.0,98.0,67.0,57.0,57.0,0.0,0.5794,0.8487,M,H,True
917,M,69.0,100.0,31.0,58.0,99.0,41.0,70.0,98.0,28.0,78.0,78.0,0.0,0.4975,0.7162,M,M,False
921,M,72.0,100.0,28.0,41.0,99.0,58.0,46.0,98.0,52.0,27.0,27.0,0.0,0.5218,0.7875,M,H,True
923,L,16.0,100.0,84.0,18.0,99.0,81.0,5.0,98.0,93.0,51.0,51.0,0.0,0.1978,0.7122,L,M,False
929,L,20.0,100.0,80.0,6.0,99.0,93.0,15.0,98.0,83.0,8.0,8.0,0.0,0.2275,0.7513,L,H,True
930,M,66.0,100.0,34.0,36.0,99.0,63.0,18.0,98.0,80.0,50.0,50.0,0.0,0.7295,0.9144,M,H,True
931,M,46.0,100.0,54.0,52.0,99.0,47.0,12.0,98.0,86.0,20.0,20.0,0.0,0.7187,0.9156,M,H,True
933,M,70.0,100.0,30.0,60.0,99.0,39.0,52.0,98.0,46.0,62.0,62.0,0.0,0.4786,0.7199,M,M,False
936,M,84.0,100.0,16.0,66.0,99.0,33.0,52.0,98.0,46.0,61.0,61.0,0.0,0.8391,0.9135,H,H,True
938,M,10.0,100.0,90.0,63.0,99.0,36.0,44.0,98.0,54.0,18.0,18.0,0.0,0.7881,0.9391,H,H,True
940,M,77.0,100.0,23.0,69.0,99.0,30.0,41.0,98.0,57.0,13.0,13.0,0.0,0.7507,0.8751,H,H,True
952,M,59.0,100.0,41.0,44.0,99.0,55.0,36.0,98.0,62.0,24.0,24.0,0.0,0.5282,0.8156,M,H,True
953,M,39.0,100.0,61.0,14.0,99.0,85.0,22.0,98.0,76.0,22.0,22.0,0.0,0.4017,0.83,M,H,True
954,L,10.0,100.0,90.0,9.0,99.0,90.0,4.0,98.0,94.0,10.0,10.0,0.0,0.3055,0.8354,M,H,True
958,M,21.0,100.0,79.0,52.0,99.0,47.0,45.0,98.0,53.0,36.0,36.0,0.0,0.4108,0.7825,M,H,True
965,M,83.0,100.0,17.0,49.0,99.0,50.0,73.0,98.0,25.0,87.0,87.0,0.0,0.5122,0.7141,M,M,False
966,L,5.0,100.0,95.0,11.0,99.0,88.0,12.0,98.0,86.0,65.0,65.0,0.0,0.1737,0.7041,L,M,False
974,M,19.0,100.0,81.0,19.0,99.0,80.0,19.0,98.0,79.0,23.0,23.0,0.0,0.2324,0.7287,L,M,False
977,M,95.0,100.0,5.0,91.0,99.0,8.0,62.0,98.0,36.0,53.0,53.0,0.0,0.8494,0.887,H,H,True
980,M,73.0,100.0,27.0,78.0,99.0,21.0,31.0,98.0,67.0,35.0,35.0,0.0,0.8065,0.9053,H,H,True
986,M,53.0,100.0,47.0,62.0,99.0,37.0,48.0,98.0,50.0,83.0,83.0,0.0,0.8374,0.9347,H,H,True
988,L,2.0,100.0,98.0,10.0,99.0,89.0,13.0,98.0,85.0,3.0,3.0,0.0,0.0973,0.5323,L,M,False
1000,M,34.0,100.0,66.0,38.0,99.0,61.0,36.0,98.0,62.0,23.0,23.0,0.0,0.2413,0.6418,L,M,False
1006,M,71.0,100.0,29.0,87.0,99.0,12.0,41.0,98.0,57.0,42.0,42.0,0.0,0.733,0.8521,M,H,True
1012,M,71.0,100.0,29.0,78.0,99.0,21.0,62.0,98.0,36.0,75.0,75.0,0.0,0.5419,0.7162,M,M,False
1022,M,30.0,100.0,70.0,45.0,99.0,54.0,22.0,98.0,76.0,30.0,30.0,0.0,0.4572,0.8288,M,H,True
1026,L,54.0,100.0,46.0,30.0,99.0,69.0,24.0,98.0,74.0,11.0,11.0,0.0,0.3745,0.7645,M,H,True
1029,M,61.0,100.0,39.0,83.0,99.0,16.0,70.0,98.0,28.0,70.0,70.0,0.0,0.6258,0.7761,M,H,True
1047,L,32.0,100.0,68.0,34.0,99.0,65.0,23.0,98.0,75.0,14.0,14.0,0.0,0.2566,0.6937,M,M,False
1049,M,37.0,100.0,63.0,43.0,99.0,56.0,22.0,98.0,76.0,33.0,33.0,0.0,0.6602,0.9044,M,H,True
1060,M,56.0,100.0,44.0,81.0,99.0,18.0,50.0,98.0,48.0,55.0,55.0,0.0,0.6976,0.849,M,H,True
1073,L,17.0,100.0,83.0,34.0,99.0,65.0,32.0,98.0,66.0,15.0,15.0,0.0,0.2556,0.7109,M,M,False
1080,L,7.0,100.0,93.0,13.0,99.0,86.0,17.0,98.0,81.0,16.0,16.0,0.0,0.1045,0.5284,L,M,False
1092,M,20.0,100.0,80.0,46.0,99.0,53.0,17.0,98.0,81.0,36.0,36.0,0.0,0.7404,0.9381,M,H,True
1093,M,72.0,100.0,28.0,87.0,99.0,12.0,15.0,98.0,83.0,11.0,11.0,0.0,0.6387,0.8177,M,H,True
1097,M,34.0,100.0,66.0,68.0,99.0,31.0,39.0,98.0,59.0,67.0,67.0,0.0,0.4945,0.7941,M,H,True
1098,L,21.0,100.0,79.0,23.0,99.0,76.0,13.0,98.0,85.0,67.0,67.0,0.0,0.2151,0.7036,L,M,False
1101,L,19.0,100.0,81.0,13.0,99.0,86.0,9.0,98.0,89.0,21.0,21.0,0.0,0.3385,0.8338,M,H,True
1102,L,20.0,100.0,80.0,8.0,99.0,91.0,20.0,98.0,78.0,6.0,6.0,0.0,0.2608,0.7744,M,H,True
1105,M,80.0,100.0,20.0,69.0,99.0,30.0,44.0,98.0,54.0,42.0,42.0,0.0,0.6657,0.8213,M,H,True
1106,M,13.0,100.0,87.0,40.0,99.0,59.0,12.0,98.0,86.0,30.0,30.0,0.0,0.5318,0.8896,M,H,True
1112,M,14.0,100.0,86.0,61.0,99.0,38.0,48.0,98.0,50.0,39.0,39.0,0.0,0.4201,0.7815,M,H,True
1120,M,87.0,100.0,13.0,79.0,99.0,20.0,73.0,98.0,25.0,98.0,98.0,0.0,0.6575,0.7589,M,H,True
1121,L,20.0,100.0,80.0,23.0,99.0,76.0,13.0,98.0,85.0,66.0,66.0,0.0,0.2137,0.7039,L,M,False
1134,M,60.0,100.0,40.0,69.0,99.0,30.0,12.0,98.0,86.0,31.0,31.0,0.0,0.5799,0.8286,M,H,True
1142,M,76.0,100.0,24.0,75.0,99.0,24.0,44.0,98.0,54.0,37.0,37.0,0.0,0.6201,0.7897,M,H,True
1146,M,20.0,100.0,80.0,20.0,99.0,79.0,14.0,98.0,84.0,11.0,11.0,0.0,0.5919,0.9163,M,H,True
1149,M,34.0,100.0,66.0,20.0,99.0,79.0,26.0,98.0,72.0,55.0,55.0,0.0,0.1597,0.5679,L,M,False
1150,M,14.0,100.0,86.0,82.0,99.0,17.0,33.0,98.0,65.0,31.0,31.0,0.0,0.7435,0.9155,M,H,True
1157,M,59.0,100.0,41.0,33.0,99.0,66.0,43.0,98.0,55.0,16.0,16.0,0.0,0.5411,0.8309,M,H,True
1158,M,73.0,100.0,27.0,50.0,99.0,49.0,51.0,98.0,47.0,32.0,32.0,0.0,0.5555,0.7865,M,H,True
1165,L,5.0,100.0,95.0,17.0,99.0,82.0,21.0,98.0,77.0,10.0,10.0,0.0,0.109,0.5302,L,M,False
1167,M,71.0,100.0,29.0,52.0,99.0,47.0,32.0,98.0,66.0,28.0,28.0,0.0,0.5718,0.8149,M,H,True
1170,M,50.0,100.0,50.0,69.0,99.0,30.0,81.0,98.0,17.0,41.0,41.0,0.0,0.758,0.8787,H,H,True
1182,L,12.0,100.0,88.0,12.0,99.0,87.0,3.0,98.0,95.0,29.0,29.0,0.0,0.3101,0.8326,M,H,True
1194,M,51.0,100.0,49.0,71.0,99.0,28.0,23.0,98.0,75.0,39.0,39.0,0.0,0.32,0.6374,M,M,False
1195,M,48.0,100.0,52.0,35.0,99.0,64.0,20.0,98.0,78.0,76.0,76.0,0.0,0.7627,0.9351,H,H,True
1204,M,19.0,100.0,81.0,55.0,99.0,44.0,50.0,98.0,48.0,45.0,45.0,0.0,0.6182,0.8783,M,H,True
1205,M,54.0,100.0,46.0,88.0,99.0,11.0,35.0,98.0,63.0,62.0,62.0,0.0,0.6515,0.8294,M,H,True
1207,M,65.0,100.0,35.0,40.0,99.0,59.0,38.0,98.0,60.0,33.0,33.0,0.0,0.6963,0.8893,M,H,True
1212,M,69.0,100.0,31.0,63.0,99.0,36.0,52.0,98.0,46.0,37.0,37.0,0.0,0.6503,0.8277,M,H,True
1216,M,50.0,100.0,50.0,76.0,99.0,23.0,37.0,98.0,61.0,16.0,16.0,0.0,0.7071,0.8747,M,H,True
1219,M,35.0,100.0,65.0,86.0,99.0,13.0,54.0,98.0,44.0,44.0,44.0,0.0,0.532,0.7697,M,H,True
1224,M,39.0,100.0,61.0,54.0,99.0,45.0,53.0,98.0,45.0,41.0,41.0,0.0,0.5026,0.7986,M,H,True
1236,M,50.0,100.0,50.0,62.0,99.0,37.0,73.0,98.0,25.0,43.0,43.0,0.0,0.57,0.7886,M,H,True
1237,M,14.0,100.0,86.0,31.0,99.0,68.0,7.0,98.0,91.0,18.0,18.0,0.0,0.5544,0.9057,M,H,True
1238,M,38.0,100.0,62.0,46.0,99.0,53.0,41.0,98.0,57.0,62.0,62.0,0.0,0.4514,0.7949,M,H,True
1240,M,33.0,100.0,67.0,58.0,99.0,41.0,71.0,98.0,27.0,16.0,16.0,0.0,0.8237,0.9335,H,H,True
1242,L,12.0,100.0,88.0,13.0,99.0,86.0,11.0,98.0,87.0,10.0,10.0,0.0,0.2215,0.7509,L,H,True
1251,M,75.0,100.0,25.0,19.0,99.0,80.0,23.0,98.0,75.0,52.0,52.0,0.0,0.6424,0.8871,M,H,True
1261,L,9.0,100.0,91.0,44.0,99.0,55.0,6.0,98.0,92.0,25.0,25.0,0.0,0.1746,0.6307,L,M,False
1262,L,23.0,100.0,77.0,23.0,99.0,76.0,14.0,98.0,84.0,20.0,20.0,0.0,0.1346,0.5512,L,M,False
1268,M,73.0,100.0,27.0,54.0,99.0,45.0,37.0,98.0,61.0,43.0,43.0,0.0,0.4368,0.7141,M,M,False
1270,M,21.0,100.0,79.0,73.0,99.0,26.0,37.0,98.0,61.0,37.0,37.0,0.0,0.3031,0.6612,M,M,False
1271,M,82.0,100.0,18.0,80.0,99.0,19.0,41.0,98.0,57.0,37.0,37.0,0.0,0.6654,0.8054,M,H,True
1283,L,55.0,100.0,45.0,53.0,99.0,46.0,46.0,98.0,52.0,34.0,34.0,0.0,0.4022,0.7122,M,M,False
1286,M,55.0,100.0,45.0,90.0,99.0,9.0,16.0,98.0,82.0,40.0,40.0,0.0,0.6969,0.8646,M,H,True
1288,M,54.0,100.0,46.0,53.0,99.0,46.0,44.0,98.0,54.0,68.0,68.0,0.0,0.5037,0.7873,M,H,True
1294,M,65.0,100.0,35.0,72.0,99.0,27.0,59.0,98.0,39.0,70.0,70.0,0.0,0.3849,0.6109,M,M,False
1296,L,10.0,100.0,90.0,13.0,99.0,86.0,10.0,98.0,88.0,32.0,32.0,0.0,0.2347,0.7694,L,H,True
1297,L,20.0,100.0,80.0,22.0,99.0,77.0,25.0,98.0,73.0,57.0,57.0,0.0,0.2308,0.7108,L,M,False
1298,M,78.0,100.0,22.0,35.0,99.0,64.0,50.0,98.0,48.0,27.0,27.0,0.0,0.5622,0.8072,M,H,True
1307,L,8.0,100.0,92.0,9.0,99.0,90.0,4.0,98.0,94.0,21.0,21.0,0.0,0.2987,0.8338,M,H,True
1316,M,40.0,100.0,60.0,82.0,99.0,17.0,26.0,98.0,72.0,27.0,27.0,0.0,0.3822,0.6925,M,M,False
1319,L,5.0,100.0,95.0,9.0,99.0,90.0,16.0,98.0,82.0,85.0,85.0,0.0,0.1258,0.6066,L,M,False
1322,L,7.0,100.0,93.0,19.0,99.0,80.0,16.0,98.0,82.0,22.0,22.0,0.0,0.1461,0.6243,L,M,False
1323,M,20.0,100.0,80.0,74.0,99.0,25.0,27.0,98.0,71.0,28.0,28.0,0.0,0.2914,0.6636,M,M,False
1329,M,64.0,100.0,36.0,85.0,99.0,14.0,51.0,98.0,47.0,49.0,49.0,0.0,0.5406,0.7293,M,M,False
1347,M,35.0,100.0,65.0,14.0,99.0,85.0,28.0,98.0,70.0,27.0,27.0,0.0,0.5481,0.8899,M,H,True
1355,M,48.0,100.0,52.0,54.0,99.0,45.0,12.0,98.0,86.0,17.0,17.0,0.0,0.6564,0.8909,M,H,True
1356,M,22.0,100.0,78.0,46.0,99.0,53.0,38.0,98.0,60.0,58.0,58.0,0.0,0.4072,0.7957,M,H,True
1357,M,46.0,100.0,54.0,28.0,99.0,71.0,30.0,98.0,68.0,74.0,74.0,0.0,0.5404,0.8618,M,H,True
1372,M,44.0,100.0,56.0,60.0,99.0,39.0,65.0,98.0,33.0,21.0,21.0,0.0,0.446,0.7285,M,M,False
1374,L,33.0,100.0,67.0,41.0,99.0,58.0,9.0,98.0,89.0,25.0,25.0,0.0,0.5306,0.872,M,H,True
1383,M,28.0,100.0,72.0,47.0,99.0,52.0,41.0,98.0,57.0,27.0,27.0,0.0,0.6103,0.8802,M,H,True
1385,M,24.0,100.0,76.0,53.0,99.0,46.0,40.0,98.0,58.0,84.0,84.0,0.0,0.702,0.9114,M,H,True
1388,L,9.0,100.0,91.0,3.0,99.0,96.0,3.0,98.0,95.0,9.0,9.0,0.0,0.2787,0.8286,M,H,True
1389,M,58.0,100.0,42.0,34.0,99.0,65.0,15.0,98.0,83.0,35.0,35.0,0.0,0.6308,0.8888,M,H,True
1391,M,70.0,100.0,30.0,90.0,99.0,9.0,20.0,98.0,78.0,21.0,21.0,0.0,0.8293,0.9156,H,H,True
1392,M,12.0,100.0,88.0,27.0,99.0,72.0,11.0,98.0,87.0,8.0,8.0,0.0,0.1049,0.4899,L,M,False
1396,M,39.0,100.0,61.0,33.0,99.0,66.0,36.0,98.0,62.0,50.0,50.0,0.0,0.6585,0.903,M,H,True
1407,L,8.0,100.0,92.0,17.0,99.0,82.0,17.0,98.0,81.0,83.0,83.0,0.0,0.4901,0.8972,M,H,True
1413,M,35.0,100.0,65.0,78.0,99.0,21.0,50.0,98.0,48.0,12.0,12.0,0.0,0.4471,0.7305,M,M,False
1415,L,7.0,100.0,93.0,3.0,99.0,96.0,3.0,98.0,95.0,16.0,16.0,0.0,0.1621,0.7106,L,M,False
1416,L,3.0,100.0,97.0,6.0,99.0,93.0,25.0,98.0,73.0,18.0,18.0,0.0,0.3922,0.8728,M,H,True
1420,M,56.0,100.0,44.0,73.0,99.0,26.0,83.0,98.0,15.0,13.0,13.0,0.0,0.5454,0.7302,M,M,False
1423,M,52.0,100.0,48.0,37.0,99.0,62.0,7.0,98.0,91.0,18.0,18.0,0.0,0.4366,0.8133,M,H,True
1429,M,18.0,100.0,82.0,55.0,99.0,44.0,28.0,98.0,70.0,37.0,37.0,0.0,0.4613,0.8277,M,H,True
1431,M,39.0,100.0,61.0,47.0,99.0,52.0,27.0,98.0,71.0,77.0,77.0,0.0,0.7004,0.9109,M,H,True
1432,M,19.0,100.0,81.0,80.0,99.0,19.0,12.0,98.0,86.0,17.0,17.0,0.0,0.311,0.6949,M,M,False
1440,L,28.0,100.0,72.0,18.0,99.0,81.0,1.0,98.0,97.0,6.0,6.0,0.0,0.2194,0.7217,L,M,False
1443,M,44.0,100.0,56.0,56.0,99.0,43.0,20.0,98.0,78.0,41.0,41.0,0.0,0.658,0.8885,M,H,True
1446,M,39.0,100.0,61.0,52.0,99.0,47.0,38.0,98.0,60.0,68.0,68.0,0.0,0.4628,0.7939,M,H,True
1454,M,14.0,100.0,86.0,17.0,99.0,82.0,2.0,98.0,96.0,37.0,37.0,0.0,0.5027,0.9041,M,H,True
1462,L,19.0,100.0,81.0,10.0,99.0,89.0,2.0,98.0,96.0,14.0,14.0,0.0,0.1208,0.5799,L,M,False
1468,M,26.0,100.0,74.0,32.0,99.0,67.0,34.0,98.0,64.0,18.0,18.0,0.0,0.1356,0.4869,L,M,False
1482,L,11.0,100.0,89.0,17.0,99.0,82.0,22.0,98.0,76.0,76.0,76.0,0.0,0.1796,0.6734,L,M,False
1485,M,7.0,100.0,93.0,12.0,99.0,87.0,5.0,98.0,93.0,3.0,3.0,0.0,0.0872,0.4914,L,M,False
1486,L,6.0,100.0,94.0,2.0,99.0,97.0,4.0,98.0,94.0,22.0,22.0,0.0,0.1192,0.6243,L,M,False
1488,M,28.0,100.0,72.0,60.0,99.0,39.0,19.0,98.0,79.0,50.0,50.0,0.0,0.6266,0.8876,M,H,True
1489,M,15.0,100.0,85.0,70.0,99.0,29.0,37.0,98.0,61.0,44.0,44.0,0.0,0.6908,0.9029,M,H,True
1492,M,26.0,100.0,74.0,62.0,99.0,37.0,25.0,98.0,73.0,25.0,25.0,0.0,0.4989,0.8295,M,H,True
1502,M,48.0,100.0,52.0,34.0,99.0,65.0,40.0,98.0,58.0,44.0,44.0,0.0,0.5625,0.855,M,H,True
1506,M,52.0,100.0,48.0,29.0,99.0,70.0,18.0,98.0,80.0,35.0,35.0,0.0,0.6904,0.9155,M,H,True
1508,L,18.0,100.0,82.0,33.0,99.0,66.0,28.0,98.0,70.0,19.0,19.0,0.0,0.1885,0.6252,L,M,False
1513,L,18.0,100.0,82.0,10.0,99.0,89.0,11.0,98.0,87.0,63.0,63.0,0.0,0.139,0.6128,L,M,False
1515,L,13.0,100.0,87.0,25.0,99.0,74.0,22.0,98.0,76.0,16.0,16.0,0.0,0.0921,0.4301,L,M,False
1517,M,20.0,100.0,80.0,18.0,99.0,81.0,13.0,98.0,85.0,51.0,51.0,0.0,0.1839,0.6718,L,M,False
1520,M,72.0,100.0,28.0,75.0,99.0,24.0,72.0,98.0,26.0,58.0,58.0,0.0,0.7474,0.85,M,H,True
1521,L,11.0,100.0,89.0,4.0,99.0,95.0,10.0,98.0,88.0,11.0,11.0,0.0,0.2937,0.8283,M,H,True
1531,M,65.0,100.0,35.0,24.0,99.0,75.0,26.0,98.0,72.0,47.0,47.0,0.0,0.6372,0.8876,M,H,True
1533,L,16.0,100.0,84.0,14.0,99.0,85.0,17.0,98.0,81.0,16.0,16.0,0.0,0.1128,0.5284,L,M,False
1534,M,31.0,100.0,69.0,84.0,99.0,15.0,59.0,98.0,39.0,59.0,59.0,0.0,0.5385,0.7782,M,H,True
1548,L,35.0,100.0,65.0,12.0,99.0,87.0,0.0,98.0,98.0,17.0,17.0,0.0,0.1368,0.579,L,M,False
1560,M,33.0,100.0,67.0,31.0,99.0,68.0,23.0,98.0,75.0,22.0,22.0,0.0,0.3666,0.7924,M,H,True
1565,M,53.0,100.0,47.0,75.0,99.0,24.0,72.0,98.0,26.0,23.0,23.0,0.0,0.6394,0.8077,M,H,True
1568,M,49.0,100.0,51.0,63.0,99.0,36.0,61.0,98.0,37.0,47.0,47.0,0.0,0.6697,0.8546,M,H,True
1570,L,13.0,100.0,87.0,12.0,99.0,87.0,5.0,98.0,93.0,56.0,56.0,0.0,0.184,0.7111,L,M,False
1573,M,55.0,100.0,45.0,63.0,99.0,36.0,32.0,98.0,66.0,80.0,80.0,0.0,0.3959,0.7054,M,M,False
1576,M,39.0,100.0,61.0,65.0,99.0,34.0,15.0,98.0,83.0,45.0,45.0,0.0,0.365,0.7302,M,M,False
1585,M,30.0,100.0,70.0,41.0,99.0,58.0,10.0,98.0,88.0,47.0,47.0,0.0,0.7382,0.9375,M,H,True
1586,M,18.0,100.0,82.0,35.0,99.0,64.0,51.0,98.0,47.0,36.0,36.0,0.0,0.5692,0.8793,M,H,True
1588,L,24.0,100.0,76.0,10.0,99.0,89.0,25.0,98.0,73.0,57.0,57.0,0.0,0.2649,0.7622,M,H,True
1601,L,12.0,100.0,88.0,12.0,99.0,87.0,19.0,98.0,79.0,52.0,52.0,0.0,0.1932,0.7072,L,M,False
1603,M,35.0,100.0,65.0,30.0,99.0,69.0,29.0,98.0,69.0,24.0,24.0,0.0,0.5316,0.8681,M,H,True
1611,M,60.0,100.0,40.0,59.0,99.0,40.0,33.0,98.0,65.0,76.0,76.0,0.0,0.4009,0.7064,M,M,False
1615,L,13.0,100.0,87.0,5.0,99.0,94.0,14.0,98.0,84.0,17.0,17.0,0.0,0.0865,0.4762,L,M,False
1621,M,25.0,100.0,75.0,35.0,99.0,64.0,12.0,98.0,86.0,36.0,36.0,0.0,0.7219,0.9381,M,H,True
1622,M,26.0,100.0,74.0,31.0,99.0,68.0,5.0,98.0,93.0,34.0,34.0,0.0,0.5765,0.9043,M,H,True
1623,L,17.0,100.0,83.0,13.0,99.0,86.0,26.0,98.0,72.0,20.0,20.0,0.0,0.1178,0.5272,L,M,False
1628,L,12.0,100.0,88.0,20.0,99.0,79.0,23.0,98.0,75.0,27.0,27.0,0.0,0.4698,0.881,M,H,True
1639,M,27.0,100.0,73.0,57.0,99.0,42.0,37.0,98.0,61.0,81.0,81.0,0.0,0.7099,0.9106,M,H,True
1644,L,2.0,100.0,98.0,6.0,99.0,93.0,2.0,98.0,96.0,8.0,8.0,0.0,0.1837,0.7473,L,M,False
1645,L,7.0,100.0,93.0,60.0,99.0,39.0,13.0,98.0,85.0,35.0,35.0,0.0,0.1563,0.5467,L,M,False
1656,M,27.0,100.0,73.0,70.0,99.0,29.0,34.0,98.0,64.0,23.0,23.0,0.0,0.4571,0.7845,M,H,True
1657,L,8.0,100.0,92.0,11.0,99.0,88.0,3.0,98.0,95.0,34.0,34.0,0.0,0.3999,0.8803,M,H,True
1659,M,62.0,100.0,38.0,44.0,99.0,55.0,30.0,98.0,68.0,37.0,37.0,0.0,0.3302,0.6754,M,M,False
1660,L,12.0,100.0,88.0,5.0,99.0,94.0,10.0,98.0,88.0,3.0,3.0,0.0,0.2299,0.775,L,H,True
1670,L,6.0,100.0,94.0,10.0,99.0,89.0,9.0,98.0,89.0,54.0,54.0,0.0,0.1296,0.6227,L,M,False
1679,L,10.0,100.0,90.0,12.0,99.0,87.0,29.0,98.0,69.0,93.0,93.0,0.0,0.1751,0.669,L,M,False
1686,M,19.0,100.0,81.0,25.0,99.0,74.0,10.0,98.0,88.0,76.0,76.0,0.0,0.1261,0.5411,L,M,False
1689,M,59.0,100.0,41.0,44.0,99.0,55.0,24.0,98.0,74.0,66.0,66.0,0.0,0.7361,0.9131,M,H,True
1690,M,31.0,100.0,69.0,30.0,99.0,69.0,49.0,98.0,49.0,16.0,16.0,0.0,0.753,0.9335,H,H,True
1691,M,47.0,100.0,53.0,71.0,99.0,28.0,55.0,98.0,43.0,59.0,59.0,0.0,0.6937,0.8642,M,H,True
1692,M,61.0,100.0,39.0,50.0,99.0,49.0,43.0,98.0,55.0,82.0,82.0,0.0,0.2603,0.5599,M,M,False
1693,L,10.0,100.0,90.0,12.0,99.0,87.0,14.0,98.0,84.0,36.0,36.0,0.0,0.2924,0.8141,M,H,True
1695,L,54.0,100.0,46.0,45.0,99.0,54.0,2.0,98.0,96.0,17.0,17.0,0.0,0.3196,0.7192,M,M,False
1698,M,69.0,100.0,31.0,83.0,99.0,16.0,47.0,98.0,51.0,50.0,50.0,0.0,0.8603,0.9256,H,H,True
1708,L,8.0,100.0,92.0,7.0,99.0,92.0,2.0,98.0,96.0,53.0,53.0,0.0,0.1212,0.6157,L,M,False
1711,M,35.0,100.0,65.0,91.0,99.0,8.0,33.0,98.0,65.0,34.0,34.0,0.0,0.6188,0.8335,M,H,True
1716,L,6.0,100.0,94.0,13.0,99.0,86.0,18.0,98.0,80.0,36.0,36.0,0.0,0.2111,0.7413,L,M,False
1718,M,30.0,100.0,70.0,61.0,99.0,38.0,63.0,98.0,35.0,89.0,89.0,0.0,0.379,0.7033,M,M,False
1719,L,10.0,100.0,90.0,14.0,99.0,85.0,14.0,98.0,84.0,63.0,63.0,0.0,0.1872,0.7053,L,M,False
1729,L,4.0,100.0,96.0,15.0,99.0,84.0,5.0,98.0,93.0,35.0,35.0,0.0,0.4679,0.9015,M,H,True
1743,L,13.0,100.0,87.0,34.0,99.0,65.0,15.0,98.0,83.0,25.0,25.0,0.0,0.2584,0.7437,M,M,False
1745,M,67.0,100.0,33.0,67.0,99.0,32.0,65.0,98.0,33.0,64.0,64.0,0.0,0.7788,0.8862,H,H,True
1746,M,68.0,100.0,32.0,73.0,99.0,26.0,65.0,98.0,33.0,76.0,76.0,0.0,0.8346,0.911,H,H,True
1750,L,9.0,100.0,91.0,7.0,99.0,92.0,10.0,98.0,88.0,9.0,9.0,0.0,0.2809,0.8184,M,H,True
1764,M,37.0,100.0,63.0,28.0,99.0,71.0,22.0,98.0,76.0,37.0,37.0,0.0,0.6599,0.915,M,H,True
1767,M,15.0,100.0,85.0,52.0,99.0,47.0,26.0,98.0,72.0,39.0,39.0,0.0,0.4919,0.8511,M,H,True
1769,L,20.0,100.0,80.0,29.0,99.0,70.0,12.0,98.0,86.0,14.0,14.0,0.0,0.1718,0.6265,L,M,False
1771,M,35.0,100.0,65.0,54.0,99.0,45.0,70.0,98.0,28.0,22.0,22.0,0.0,0.819,0.9332,H,H,True
1774,M,24.0,100.0,76.0,32.0,99.0,67.0,42.0,98.0,56.0,21.0,21.0,0.0,0.6722,0.9156,M,H,True
1775,M,57.0,100.0,43.0,43.0,99.0,56.0,34.0,98.0,64.0,43.0,43.0,0.0,0.5386,0.8268,M,H,True
1779,M,77.0,100.0,23.0,64.0,99.0,35.0,30.0,98.0,68.0,18.0,18.0,0.0,0.6166,0.8165,M,H,True
1780,L,8.0,100.0,92.0,15.0,99.0,84.0,9.0,98.0,89.0,38.0,38.0,0.0,0.4191,0.8798,M,H,True
1781,M,11.0,100.0,89.0,70.0,99.0,29.0,32.0,98.0,66.0,29.0,29.0,0.0,0.272,0.6633,M,M,False
1799,L,3.0,100.0,97.0,5.0,99.0,94.0,13.0,98.0,85.0,65.0,65.0,0.0,0.2862,0.8298,M,H,True
1800,M,80.0,100.0,20.0,51.0,99.0,48.0,40.0,98.0,58.0,24.0,24.0,0.0,0.6061,0.8156,M,H,True
1804,L,5.0,100.0,95.0,4.0,99.0,95.0,14.0,98.0,84.0,85.0,85.0,0.0,0.2849,0.8268,M,H,True
1807,L,3.0,100.0,97.0,12.0,99.0,87.0,4.0,98.0,94.0,33.0,33.0,0.0,0.4562,0.9017,M,H,True
1813,L,12.0,100.0,88.0,10.0,99.0,89.0,15.0,98.0,83.0,25.0,25.0,0.0,0.0892,0.4737,L,M,False
1819,M,35.0,100.0,65.0,40.0,99.0,59.0,55.0,98.0,43.0,38.0,38.0,0.0,0.6295,0.8791,M,H,True
1827,M,70.0,100.0,30.0,65.0,99.0,34.0,44.0,98.0,54.0,32.0,32.0,0.0,0.6212,0.8143,M,H,True
1831,M,28.0,100.0,72.0,38.0,99.0,61.0,46.0,98.0,52.0,36.0,36.0,0.0,0.2401,0.6382,L,M,False
1833,L,32.0,100.0,68.0,2.0,99.0,97.0,27.0,98.0,71.0,22.0,22.0,0.0,0.2524,0.7484,M,M,False
1836,M,20.0,100.0,80.0,40.0,99.0,59.0,27.0,98.0,71.0,66.0,66.0,0.0,0.3417,0.7769,M,H,True
1837,M,31.0,100.0,69.0,36.0,99.0,63.0,16.0,98.0,82.0,37.0,37.0,0.0,0.7402,0.9381,M,H,True
1839,M,32.0,100.0,68.0,30.0,99.0,69.0,24.0,98.0,74.0,36.0,36.0,0.0,0.5264,0.8725,M,H,True
1840,L,30.0,100.0,70.0,17.0,99.0,82.0,21.0,98.0,77.0,21.0,21.0,0.0,0.2701,0.7486,M,M,False
1845,M,12.0,100.0,88.0,36.0,99.0,63.0,27.0,98.0,71.0,31.0,31.0,0.0,0.5908,0.904,M,H,True
1849,M,74.0,100.0,26.0,62.0,99.0,37.0,49.0,98.0,49.0,43.0,43.0,0.0,0.6432,0.8211,M,H,True
1863,M,62.0,100.0,38.0,84.0,99.0,15.0,51.0,98.0,47.0,73.0,73.0,0.0,0.6351,0.7992,M,H,True
1864,M,27.0,100.0,73.0,42.0,99.0,57.0,45.0,98.0,53.0,70.0,70.0,0.0,0.7189,0.92,M,H,True
1871,M,51.0,100.0,49.0,32.0,99.0,67.0,41.0,98.0,57.0,56.0,56.0,0.0,0.6461,0.887,M,H,True
1879,M,16.0,100.0,84.0,14.0,99.0,85.0,1.0,98.0,97.0,22.0,22.0,0.0,0.5026,0.9054,M,H,True
1887,M,44.0,100.0,56.0,39.0,99.0,60.0,22.0,98.0,76.0,30.0,30.0,0.0,0.2604,0.6626,M,M,False
1888,L,36.0,100.0,64.0,46.0,99.0,53.0,16.0,98.0,82.0,56.0,56.0,0.0,0.2906,0.7063,M,M,False
1897,L,12.0,100.0,88.0,42.0,99.0,57.0,33.0,98.0,65.0,34.0,34.0,0.0,0.3269,0.769,M,H,True
1898,M,42.0,100.0,58.0,67.0,99.0,32.0,43.0,98.0,55.0,15.0,15.0,0.0,0.506,0.786,M,H,True
1900,M,15.0,100.0,85.0,16.0,99.0,83.0,2.0,98.0,96.0,20.0,20.0,0.0,0.5078,0.9055,M,H,True
1907,M,87.0,100.0,13.0,48.0,99.0,51.0,82.0,98.0,16.0,96.0,96.0,0.0,0.533,0.712,M,M,False
1908,L,26.0,100.0,74.0,12.0,99.0,87.0,14.0,98.0,84.0,33.0,33.0,0.0,0.1077,0.4976,L,M,False
1914,M,71.0,100.0,29.0,70.0,99.0,29.0,65.0,98.0,33.0,69.0,69.0,0.0,0.7493,0.863,M,H,True
1915,M,18.0,100.0,82.0,19.0,99.0,80.0,37.0,98.0,61.0,39.0,39.0,0.0,0.5015,0.879,M,H,True
1922,M,42.0,100.0,58.0,21.0,99.0,78.0,2.0,98.0,96.0,16.0,16.0,0.0,0.364,0.8136,M,H,True
1926,M,82.0,100.0,18.0,31.0,99.0,68.0,52.0,98.0,46.0,25.0,25.0,0.0,0.5659,0.8076,M,H,True
1927,M,51.0,100.0,49.0,69.0,99.0,30.0,39.0,98.0,59.0,26.0,26.0,0.0,0.731,0.89,M,H,True
1928,L,13.0,100.0,87.0,10.0,99.0,89.0,6.0,98.0,92.0,5.0,5.0,0.0,0.2928,0.8205,M,H,True
1929,M,66.0,100.0,34.0,61.0,99.0,38.0,23.0,98.0,75.0,52.0,52.0,0.0,0.576,0.8197,M,H,True
1932,L,4.0,100.0,96.0,13.0,99.0,86.0,7.0,98.0,91.0,38.0,38.0,0.0,0.1715,0.7054,L,M,False
1935,L,8.0,100.0,92.0,10.0,99.0,89.0,8.0,98.0,90.0,41.0,41.0,0.0,0.1764,0.7098,L,M,False
1936,M,65.0,100.0,35.0,91.0,99.0,8.0,24.0,98.0,74.0,40.0,40.0,0.0,0.7744,0.8883,H,H,True
1943,L,22.0,100.0,78.0,9.0,99.0,90.0,15.0,98.0,83.0,22.0,22.0,0.0,0.2051,0.7149,L,M,False
1946,L,39.0,100.0,61.0,31.0,99.0,68.0,4.0,98.0,94.0,50.0,50.0,0.0,0.2333,0.6848,L,M,False
1947,M,68.0,100.0,32.0,89.0,99.0,10.0,60.0,98.0,38.0,24.0,24.0,0.0,0.7295,0.8358,M,H,True
1950,M,81.0,100.0,19.0,35.0,99.0,64.0,42.0,98.0,56.0,34.0,34.0,0.0,0.7854,0.9156,H,H,True
1951,M,49.0,100.0,51.0,44.0,99.0,55.0,37.0,98.0,61.0,32.0,32.0,0.0,0.71,0.9045,M,H,True
1964,M,27.0,100.0,73.0,74.0,99.0,25.0,31.0,98.0,67.0,17.0,17.0,0.0,0.6292,0.8686,M,H,True
1974,L,18.0,100.0,82.0,9.0,99.0,90.0,24.0,98.0,74.0,21.0,21.0,0.0,0.3229,0.818,M,H,True
1977,L,68.0,100.0,32.0,39.0,99.0,60.0,6.0,98.0,92.0,17.0,17.0,0.0,0.3428,0.7192,M,M,False
1979,L,5.0,100.0,95.0,12.0,99.0,87.0,15.0,98.0,83.0,8.0,8.0,0.0,0.1017,0.5308,L,M,False
1981,L,29.0,100.0,71.0,15.0,99.0,84.0,3.0,98.0,95.0,23.0,23.0,0.0,0.1352,0.5773,L,M,False
1993,M,10.0,100.0,90.0,8.0,99.0,91.0,10.0,98.0,88.0,10.0,10.0,0.0,0.1572,0.675,L,M,False
1995,M,65.0,100.0,35.0,78.0,99.0,21.0,19.0,98.0,79.0,23.0,23.0,0.0,0.8043,0.9154,H,H,True
1996,L,8.0,100.0,92.0,18.0,99.0,81.0,8.0,98.0,90.0,47.0,47.0,0.0,0.4225,0.8789,M,H,True
2001,L,14.0,100.0,86.0,34.0,99.0,65.0,35.0,98.0,63.0,31.0,31.0,0.0,0.3876,0.8164,M,H,True
2006,M,57.0,100.0,43.0,83.0,99.0,16.0,53.0,98.0,45.0,13.0,13.0,0.0,0.7443,0.8691,M,H,True
2007,M,28.0,100.0,72.0,60.0,99.0,39.0,20.0,98.0,78.0,48.0,48.0,0.0,0.6287,0.8878,M,H,True
2008,L,12.0,100.0,88.0,7.0,99.0,92.0,3.0,98.0,95.0,55.0,55.0,0.0,0.1741,0.7113,L,M,False
2009,L,11.0,100.0,89.0,8.0,99.0,91.0,3.0,98.0,95.0,28.0,28.0,0.0,0.0816,0.4728,L,M,False
2011,L,10.0,100.0,90.0,13.0,99.0,86.0,14.0,98.0,84.0,7.0,7.0,0.0,0.1061,0.5311,L,M,False
2013,L,69.0,100.0,31.0,34.0,99.0,65.0,12.0,98.0,86.0,17.0,17.0,0.0,0.3143,0.693,M,M,False
2017,M,61.0,100.0,39.0,58.0,99.0,41.0,49.0,98.0,49.0,47.0,47.0,0.0,0.3496,0.6352,M,M,False
2018,M,24.0,100.0,76.0,54.0,99.0,45.0,32.0,98.0,66.0,51.0,51.0,0.0,0.4246,0.7969,M,H,True
2019,M,28.0,100.0,72.0,73.0,99.0,26.0,24.0,98.0,74.0,28.0,28.0,0.0,0.3014,0.6636,M,M,False
2020,M,29.0,100.0,71.0,36.0,99.0,63.0,26.0,98.0,72.0,60.0,60.0,0.0,0.3991,0.8077,M,H,True
2043,M,37.0,100.0,63.0,16.0,99.0,83.0,24.0,98.0,74.0,44.0,44.0,0.0,0.5455,0.8879,M,H,True
2045,M,69.0,100.0,31.0,83.0,99.0,16.0,71.0,98.0,27.0,58.0,58.0,0.0,0.6493,0.7784,M,H,True
2047,L,7.0,100.0,93.0,49.0,99.0,50.0,21.0,98.0,77.0,39.0,39.0,0.0,0.149,0.5455,L,M,False
2051,M,22.0,100.0,78.0,29.0,99.0,70.0,22.0,98.0,76.0,58.0,58.0,0.0,0.206,0.6626,L,M,False
2052,M,50.0,100.0,50.0,10.0,99.0,89.0,15.0,98.0,83.0,22.0,22.0,0.0,0.5548,0.8904,M,H,True
2059,M,42.0,100.0,58.0,45.0,99.0,54.0,22.0,98.0,76.0,34.0,34.0,0.0,0.7448,0.9267,M,H,True
2061,L,35.0,100.0,65.0,34.0,99.0,65.0,45.0,98.0,53.0,60.0,60.0,0.0,0.3597,0.7546,M,H,True
2062,M,62.0,100.0,38.0,68.0,99.0,31.0,24.0,98.0,74.0,41.0,41.0,0.0,0.6747,0.8645,M,H,True
2063,L,6.0,100.0,94.0,5.0,99.0,94.0,14.0,98.0,84.0,13.0,13.0,0.0,0.1771,0.717,L,M,False
2075,L,46.0,100.0,54.0,11.0,99.0,88.0,13.0,98.0,85.0,18.0,18.0,0.0,0.2044,0.6619,L,M,False
2078,M,33.0,100.0,67.0,79.0,99.0,20.0,37.0,98.0,61.0,22.0,22.0,0.0,0.3613,0.6792,M,M,False
2079,M,18.0,100.0,82.0,27.0,99.0,72.0,6.0,98.0,92.0,47.0,47.0,0.0,0.6123,0.9217,M,H,True
2082,M,35.0,100.0,65.0,92.0,99.0,7.0,29.0,98.0,69.0,33.0,33.0,0.0,0.615,0.8337,M,H,True
2086,M,66.0,100.0,34.0,73.0,99.0,26.0,64.0,98.0,34.0,12.0,12.0,0.0,0.5382,0.7305,M,M,False
2089,M,66.0,100.0,34.0,66.0,99.0,33.0,44.0,98.0,54.0,37.0,37.0,0.0,0.6278,0.8221,M,H,True
2090,M,76.0,100.0,24.0,88.0,99.0,11.0,37.0,98.0,61.0,17.0,17.0,0.0,0.8486,0.9159,H,H,True
2100,L,6.0,100.0,94.0,5.0,99.0,94.0,3.0,98.0,95.0,60.0,60.0,0.0,0.1804,0.7361,L,M,False
2102,M,46.0,100.0,54.0,41.0,99.0,58.0,26.0,98.0,72.0,76.0,76.0,0.0,0.439,0.7987,M,H,True
2113,M,41.0,100.0,59.0,7.0,99.0,92.0,9.0,98.0,89.0,43.0,43.0,0.0,0.3621,0.8268,M,H,True
2114,L,19.0,100.0,81.0,25.0,99.0,74.0,23.0,98.0,75.0,5.0,5.0,0.0,0.2973,0.7746,M,H,True
2117,L,7.0,100.0,93.0,18.0,99.0,81.0,21.0,98.0,77.0,34.0,34.0,0.0,0.1092,0.523,L,M,False
2118,M,81.0,100.0,19.0,42.0,99.0,57.0,46.0,98.0,52.0,27.0,27.0,0.0,0.5811,0.8072,M,H,True
2128,L,10.0,100.0,90.0,10.0,99.0,89.0,5.0,98.0,93.0,9.0,9.0,0.0,0.3093,0.8355,M,H,True
2129,L,17.0,100.0,83.0,52.0,99.0,47.0,3.0,98.0,95.0,65.0,65.0,0.0,0.1266,0.4879,L,M,False
2130,M,31.0,100.0,69.0,57.0,99.0,42.0,11.0,98.0,87.0,10.0,10.0,0.0,0.3311,0.7379,M,M,False
2141,M,38.0,100.0,62.0,53.0,99.0,46.0,32.0,98.0,66.0,73.0,73.0,0.0,0.7905,0.9353,H,H,True
2142,M,68.0,100.0,32.0,61.0,99.0,38.0,52.0,98.0,46.0,47.0,47.0,0.0,0.6015,0.8037,M,H,True
2149,M,76.0,100.0,24.0,63.0,99.0,36.0,46.0,98.0,52.0,60.0,60.0,0.0,0.7656,0.8863,H,H,True
2152,M,67.0,100.0,33.0,93.0,99.0,6.0,43.0,98.0,55.0,11.0,11.0,0.0,0.8707,0.9282,H,H,True
2156,M,14.0,100.0,86.0,18.0,99.0,81.0,42.0,98.0,56.0,33.0,33.0,0.0,0.5762,0.9044,M,H,True
2157,L,18.0,100.0,82.0,5.0,99.0,94.0,11.0,98.0,87.0,10.0,10.0,0.0,0.2178,0.7509,L,H,True
2159,L,34.0,100.0,66.0,15.0,99.0,84.0,1.0,98.0,97.0,20.0,20.0,0.0,0.161,0.6249,L,M,False
2161,M,39.0,100.0,61.0,76.0,99.0,23.0,26.0,98.0,72.0,52.0,52.0,0.0,0.6972,0.8871,M,H,True
2163,M,50.0,100.0,50.0,59.0,99.0,40.0,31.0,98.0,67.0,86.0,86.0,0.0,0.8139,0.9345,H,H,True
2167,M,28.0,100.0,72.0,11.0,99.0,88.0,18.0,98.0,80.0,33.0,33.0,0.0,0.188,0.6691,L,M,False
2171,M,78.0,100.0,22.0,44.0,99.0,55.0,34.0,98.0,64.0,37.0,37.0,0.0,0.7236,0.8886,M,H,True
2174,L,10.0,100.0,90.0,6.0,99.0,93.0,8.0,98.0,90.0,20.0,20.0,0.0,0.3806,0.8725,M,H,True
2176,M,66.0,100.0,34.0,19.0,99.0,80.0,25.0,98.0,73.0,48.0,48.0,0.0,0.6256,0.8875,M,H,True
2180,M,46.0,100.0,54.0,63.0,99.0,36.0,40.0,98.0,58.0,32.0,32.0,0.0,0.5013,0.7865,M,H,True
2184,L,59.0,100.0,41.0,38.0,99.0,61.0,5.0,98.0,93.0,17.0,17.0,0.0,0.3192,0.7192,M,M,False
2217,M,69.0,100.0,31.0,32.0,99.0,67.0,44.0,98.0,54.0,35.0,35.0,0.0,0.5183,0.8059,M,H,True
2219,M,27.0,100.0,73.0,79.0,99.0,20.0,26.0,98.0,72.0,20.0,20.0,0.0,0.6091,0.8581,M,H,True
2220,M,41.0,100.0,59.0,6.0,99.0,93.0,10.0,98.0,88.0,44.0,44.0,0.0,0.361,0.8267,M,H,True
2221,M,16.0,100.0,84.0,35.0,99.0,64.0,50.0,98.0,48.0,18.0,18.0,0.0,0.7359,0.9334,M,H,True
2224,M,42.0,100.0,58.0,31.0,99.0,68.0,8.0,98.0,90.0,23.0,23.0,0.0,0.3965,0.8125,M,H,True
2231,L,13.0,100.0,87.0,13.0,99.0,86.0,23.0,98.0,75.0,69.0,69.0,0.0,0.1788,0.6752,L,M,False
2240,M,23.0,100.0,77.0,64.0,99.0,35.0,31.0,98.0,67.0,14.0,14.0,0.0,0.6533,0.8912,M,H,True
2241,L,27.0,100.0,73.0,11.0,99.0,88.0,18.0,98.0,80.0,43.0,43.0,0.0,0.2591,0.7581,M,H,True
2251,M,17.0,100.0,83.0,26.0,99.0,73.0,28.0,98.0,70.0,35.0,35.0,0.0,0.5781,0.9037,M,H,True
2256,L,9.0,100.0,91.0,8.0,99.0,91.0,5.0,98.0,93.0,20.0,20.0,0.0,0.1722,0.7097,L,M,False
2261,M,35.0,100.0,65.0,70.0,99.0,29.0,18.0,98.0,80.0,20.0,20.0,0.0,0.6165,0.8683,M,H,True
2265,M,36.0,100.0,64.0,38.0,99.0,61.0,28.0,98.0,70.0,17.0,17.0,0.0,0.6514,0.9031,M,H,True
2266,L,8.0,100.0,92.0,9.0,99.0,90.0,4.0,98.0,94.0,15.0,15.0,0.0,0.1759,0.7166,L,M,False
2271,L,8.0,100.0,92.0,4.0,99.0,95.0,0.0,98.0,98.0,12.0,12.0,0.0,0.1215,0.6271,L,M,False
2272,M,71.0,100.0,29.0,49.0,99.0,50.0,25.0,98.0,73.0,44.0,44.0,0.0,0.7721,0.9148,H,H,True
2278,L,8.0,100.0,92.0,21.0,99.0,78.0,1.0,98.0,97.0,36.0,36.0,0.0,0.321,0.8341,M,H,True
2283,M,36.0,100.0,64.0,75.0,99.0,24.0,45.0,98.0,53.0,73.0,73.0,0.0,0.7747,0.9123,H,H,True
2292,L,25.0,100.0,75.0,21.0,99.0,78.0,12.0,98.0,86.0,49.0,49.0,0.0,0.1626,0.6168,L,M,False
2305,M,23.0,100.0,77.0,8.0,99.0,91.0,17.0,98.0,81.0,26.0,26.0,0.0,0.1706,0.6598,L,M,False
2309,M,67.0,100.0,33.0,71.0,99.0,28.0,59.0,98.0,39.0,31.0,31.0,0.0,0.7448,0.8677,M,H,True
2310,M,35.0,100.0,65.0,67.0,99.0,32.0,50.0,98.0,48.0,53.0,53.0,0.0,0.3128,0.6336,M,M,False
2317,M,21.0,100.0,79.0,39.0,99.0,60.0,23.0,98.0,75.0,46.0,46.0,0.0,0.5639,0.888,M,H,True
2321,L,10.0,100.0,90.0,25.0,99.0,74.0,44.0,98.0,54.0,89.0,89.0,0.0,0.2094,0.67,L,M,False
2323,M,32.0,100.0,68.0,40.0,99.0,59.0,20.0,98.0,78.0,41.0,41.0,0.0,0.7536,0.9379,H,H,True
2328,M,59.0,100.0,41.0,62.0,99.0,37.0,56.0,98.0,42.0,67.0,67.0,0.0,0.7444,0.8856,M,H,True
2336,M,71.0,100.0,29.0,22.0,99.0,77.0,20.0,98.0,78.0,48.0,48.0,0.0,0.6366,0.8875,M,H,True
2338,L,8.0,100.0,92.0,11.0,99.0,88.0,29.0,98.0,69.0,92.0,92.0,0.0,0.1713,0.6693,L,M,False
2359,L,8.0,100.0,92.0,12.0,99.0,87.0,15.0,98.0,83.0,32.0,32.0,0.0,0.2332,0.7672,L,H,True
2362,L,16.0,100.0,84.0,37.0,99.0,62.0,32.0,98.0,66.0,20.0,20.0,0.0,0.6074,0.9028,M,H,True
2365,M,37.0,100.0,63.0,35.0,99.0,64.0,24.0,98.0,74.0,29.0,29.0,0.0,0.4115,0.8069,M,H,True
2368,L,16.0,100.0,84.0,14.0,99.0,85.0,10.0,98.0,88.0,47.0,47.0,0.0,0.1607,0.6542,L,M,False
2373,M,66.0,100.0,34.0,69.0,99.0,30.0,69.0,98.0,29.0,69.0,69.0,0.0,0.4152,0.6292,M,M,False
2375,L,18.0,100.0,82.0,22.0,99.0,77.0,8.0,98.0,90.0,13.0,13.0,0.0,0.4433,0.8733,M,H,True
2383,M,41.0,100.0,59.0,70.0,99.0,29.0,88.0,98.0,10.0,31.0,31.0,0.0,0.8596,0.9326,H,H,True
2391,L,52.0,100.0,48.0,63.0,99.0,36.0,1.0,98.0,97.0,4.0,4.0,0.0,0.5261,0.8293,M,H,True
2412,L,11.0,100.0,89.0,2.0,99.0,97.0,13.0,98.0,85.0,45.0,45.0,0.0,0.2185,0.7668,L,H,True
2415,M,59.0,100.0,41.0,58.0,99.0,41.0,57.0,98.0,41.0,40.0,40.0,0.0,0.5556,0.7892,M,H,True
2420,M,21.0,100.0,79.0,40.0,99.0,59.0,16.0,98.0,82.0,50.0,50.0,0.0,0.5532,0.8876,M,H,True
2423,M,22.0,100.0,78.0,58.0,99.0,41.0,71.0,98.0,27.0,17.0,17.0,0.0,0.8085,0.9335,H,H,True
2425,L,4.0,100.0,96.0,9.0,99.0,90.0,6.0,98.0,92.0,22.0,22.0,0.0,0.3935,0.8815,M,H,True
2428,L,11.0,100.0,89.0,18.0,99.0,81.0,3.0,98.0,95.0,35.0,35.0,0.0,0.1885,0.7119,L,M,False
2429,L,9.0,100.0,91.0,7.0,99.0,92.0,5.0,98.0,93.0,26.0,26.0,0.0,0.1271,0.6232,L,M,False
2433,M,62.0,100.0,38.0,79.0,99.0,20.0,52.0,98.0,46.0,38.0,38.0,0.0,0.4362,0.6605,M,M,False
2434,M,81.0,100.0,19.0,81.0,99.0,18.0,53.0,98.0,45.0,87.0,87.0,0.0,0.6197,0.7612,M,H,True
2435,M,53.0,100.0,47.0,57.0,99.0,42.0,40.0,98.0,58.0,46.0,46.0,0.0,0.2027,0.4784,L,M,False
2436,L,4.0,100.0,96.0,15.0,99.0,84.0,9.0,98.0,89.0,41.0,41.0,0.0,0.2941,0.8237,M,H,True
2437,M,62.0,100.0,38.0,61.0,99.0,38.0,46.0,98.0,52.0,65.0,65.0,0.0,0.7704,0.9016,H,H,True
2445,M,21.0,100.0,79.0,17.0,99.0,82.0,9.0,98.0,89.0,12.0,12.0,0.0,0.1023,0.4887,L,M,False
2446,L,6.0,100.0,94.0,9.0,99.0,90.0,8.0,98.0,90.0,50.0,50.0,0.0,0.4579,0.9002,M,H,True
2453,M,70.0,100.0,30.0,98.0,99.0,1.0,7.0,98.0,91.0,5.0,5.0,0.0,0.8544,0.9286,H,H,True
2456,M,44.0,100.0,56.0,84.0,99.0,15.0,37.0,98.0,61.0,42.0,42.0,0.0,0.6273,0.8323,M,H,True
2460,M,64.0,100.0,36.0,85.0,99.0,14.0,45.0,98.0,53.0,9.0,9.0,0.0,0.8609,0.9283,H,H,True
2472,M,78.0,100.0,22.0,86.0,99.0,13.0,48.0,98.0,50.0,54.0,54.0,0.0,0.8366,0.9037,H,H,True
2477,M,64.0,100.0,36.0,85.0,99.0,14.0,64.0,98.0,34.0,85.0,85.0,0.0,0.6073,0.7616,M,H,True
2478,L,11.0,100.0,89.0,8.0,99.0,91.0,19.0,98.0,79.0,31.0,31.0,0.0,0.1568,0.6585,L,M,False
2479,L,44.0,100.0,56.0,23.0,99.0,76.0,21.0,98.0,77.0,7.0,7.0,0.0,0.3314,0.7653,M,H,True
2481,M,41.0,100.0,59.0,73.0,99.0,26.0,30.0,98.0,68.0,93.0,93.0,0.0,0.3801,0.7023,M,M,False
2487,L,40.0,100.0,60.0,28.0,99.0,71.0,17.0,98.0,81.0,58.0,58.0,0.0,0.2631,0.7058,M,M,False
2494,M,47.0,100.0,53.0,50.0,99.0,49.0,52.0,98.0,46.0,46.0,46.0,0.0,0.2393,0.5501,L,M,False
2498,L,8.0,100.0,92.0,5.0,99.0,94.0,20.0,98.0,78.0,19.0,19.0,0.0,0.1805,0.7099,L,M,False
2508,M,25.0,100.0,75.0,19.0,99.0,80.0,26.0,98.0,72.0,30.0,30.0,0.0,0.1424,0.5548,L,M,False
2531,M,17.0,100.0,83.0,70.0,99.0,29.0,44.0,98.0,54.0,16.0,16.0,0.0,0.7924,0.9335,H,H,True
2533,L,12.0,100.0,88.0,8.0,99.0,91.0,3.0,98.0,95.0,59.0,59.0,0.0,0.1748,0.7104,L,M,False
2535,M,43.0,100.0,57.0,20.0,99.0,79.0,35.0,98.0,63.0,20.0,20.0,0.0,0.5111,0.8581,M,H,True
2542,M,16.0,100.0,84.0,74.0,99.0,25.0,22.0,98.0,76.0,17.0,17.0,0.0,0.5877,0.8686,M,H,True
2543,M,35.0,100.0,65.0,29.0,99.0,70.0,26.0,98.0,72.0,33.0,33.0,0.0,0.2277,0.6579,L,M,False
2546,M,54.0,100.0,46.0,48.0,99.0,51.0,56.0,98.0,42.0,42.0,42.0,0.0,0.5715,0.8213,M,H,True
2548,M,30.0,100.0,70.0,78.0,99.0,21.0,26.0,98.0,72.0,30.0,30.0,0.0,0.3483,0.6918,M,M,False
2554,M,27.0,100.0,73.0,35.0,99.0,64.0,37.0,98.0,61.0,51.0,51.0,0.0,0.7513,0.9366,H,H,True
2568,M,39.0,100.0,61.0,80.0,99.0,19.0,44.0,98.0,54.0,36.0,36.0,0.0,0.5291,0.7825,M,H,True
2577,M,46.0,100.0,54.0,90.0,99.0,9.0,39.0,98.0,59.0,13.0,13.0,0.0,0.6588,0.8374,M,H,True
2579,M,61.0,100.0,39.0,27.0,99.0,72.0,38.0,98.0,60.0,22.0,22.0,0.0,0.4777,0.8081,M,H,True
2591,M,56.0,100.0,44.0,70.0,99.0,29.0,43.0,98.0,55.0,67.0,67.0,0.0,0.8138,0.9203,H,H,True
2592,M,34.0,100.0,66.0,62.0,99.0,37.0,25.0,98.0,73.0,18.0,18.0,0.0,0.2741,0.6431,M,M,False
2598,L,5.0,100.0,95.0,2.0,99.0,97.0,6.0,98.0,92.0,5.0,5.0,0.0,0.166,0.7189,L,M,False
2601,L,11.0,100.0,89.0,9.0,99.0,90.0,7.0,98.0,91.0,26.0,26.0,0.0,0.1447,0.6506,L,M,False
2602,M,52.0,100.0,48.0,59.0,99.0,40.0,25.0,98.0,73.0,86.0,86.0,0.0,0.811,0.9345,H,H,True
2614,L,11.0,100.0,89.0,2.0,99.0,97.0,2.0,98.0,96.0,8.0,8.0,0.0,0.2794,0.8287,M,H,True
2617,M,35.0,100.0,65.0,77.0,99.0,22.0,43.0,98.0,55.0,15.0,15.0,0.0,0.3889,0.6954,M,M,False
2618,M,61.0,100.0,39.0,59.0,99.0,40.0,64.0,98.0,34.0,48.0,48.0,0.0,0.3756,0.635,M,M,False
2636,L,15.0,100.0,85.0,10.0,99.0,89.0,37.0,98.0,61.0,24.0,24.0,0.0,0.3373,0.8175,M,H,True
2640,L,26.0,100.0,74.0,19.0,99.0,80.0,8.0,98.0,90.0,31.0,31.0,0.0,0.1023,0.4719,L,M,False
2649,M,28.0,100.0,72.0,62.0,99.0,37.0,40.0,98.0,58.0,40.0,40.0,0.0,0.7074,0.9038,M,H,True
2658,M,29.0,100.0,71.0,39.0,99.0,60.0,50.0,98.0,48.0,77.0,77.0,0.0,0.6982,0.9119,M,H,True
2659,L,13.0,100.0,87.0,13.0,99.0,86.0,5.0,98.0,93.0,42.0,42.0,0.0,0.1877,0.7143,L,M,False
2661,M,68.0,100.0,32.0,85.0,99.0,14.0,57.0,98.0,41.0,43.0,43.0,0.0,0.7131,0.8331,M,H,True
2666,M,57.0,100.0,43.0,77.0,99.0,22.0,40.0,98.0,58.0,36.0,36.0,0.0,0.7164,0.8694,M,H,True
2671,L,7.0,100.0,93.0,6.0,99.0,93.0,4.0,98.0,94.0,18.0,18.0,0.0,0.1701,0.7159,L,M,False
2679,M,54.0,100.0,46.0,25.0,99.0,74.0,30.0,98.0,68.0,26.0,26.0,0.0,0.4394,0.8074,M,H,True
2683,M,31.0,100.0,69.0,24.0,99.0,75.0,29.0,98.0,69.0,26.0,26.0,0.0,0.3784,0.8074,M,H,True
2689,L,29.0,100.0,71.0,14.0,99.0,85.0,16.0,98.0,82.0,9.0,9.0,0.0,0.1247,0.5305,L,M,False
2694,L,15.0,100.0,85.0,4.0,99.0,95.0,12.0,98.0,86.0,7.0,7.0,0.0,0.2131,0.7515,L,H,True
2699,M,26.0,100.0,74.0,42.0,99.0,57.0,25.0,98.0,73.0,21.0,21.0,0.0,0.5333,0.8681,M,H,True
2702,M,74.0,100.0,26.0,37.0,99.0,62.0,46.0,98.0,52.0,69.0,69.0,0.0,0.7101,0.8854,M,H,True
2705,L,66.0,100.0,34.0,37.0,99.0,62.0,31.0,98.0,67.0,7.0,7.0,0.0,0.4346,0.7653,M,H,True
2707,L,10.0,100.0,90.0,20.0,99.0,79.0,22.0,98.0,76.0,97.0,97.0,0.0,0.246,0.7541,L,H,True
2710,M,61.0,100.0,39.0,79.0,99.0,20.0,21.0,98.0,77.0,30.0,30.0,0.0,0.8008,0.9149,H,H,True
2712,M,29.0,100.0,71.0,49.0,99.0,50.0,31.0,98.0,67.0,25.0,25.0,0.0,0.5437,0.8574,M,H,True
2717,L,56.0,100.0,44.0,53.0,99.0,46.0,45.0,98.0,53.0,50.0,50.0,0.0,0.4034,0.7125,M,M,False
2736,L,10.0,100.0,90.0,12.0,99.0,87.0,7.0,98.0,91.0,33.0,33.0,0.0,0.1369,0.6285,L,M,False
2741,M,20.0,100.0,80.0,27.0,99.0,72.0,4.0,98.0,94.0,22.0,22.0,0.0,0.5527,0.9054,M,H,True
2748,M,27.0,100.0,73.0,34.0,99.0,65.0,20.0,98.0,78.0,35.0,35.0,0.0,0.6749,0.9225,M,H,True
2752,M,44.0,100.0,56.0,37.0,99.0,62.0,36.0,98.0,62.0,38.0,38.0,0.0,0.5951,0.8722,M,H,True
2756,M,15.0,100.0,85.0,50.0,99.0,49.0,24.0,98.0,74.0,43.0,43.0,0.0,0.6885,0.922,M,H,True
2765,M,71.0,100.0,29.0,59.0,99.0,40.0,29.0,98.0,69.0,36.0,36.0,0.0,0.6868,0.8671,M,H,True
2769,M,73.0,100.0,27.0,61.0,99.0,38.0,44.0,98.0,54.0,53.0,53.0,0.0,0.4156,0.6713,M,M,False
2775,M,53.0,100.0,47.0,77.0,99.0,22.0,22.0,98.0,76.0,21.0,21.0,0.0,0.6866,0.8711,M,H,True
2782,M,89.0,100.0,11.0,77.0,99.0,22.0,46.0,98.0,52.0,43.0,43.0,0.0,0.6798,0.8044,M,H,True
2787,M,37.0,100.0,63.0,50.0,99.0,49.0,29.0,98.0,69.0,19.0,19.0,0.0,0.2612,0.6428,M,M,False
2788,M,73.0,100.0,27.0,80.0,99.0,19.0,66.0,98.0,32.0,46.0,46.0,0.0,0.6622,0.7913,M,H,True
2791,M,52.0,100.0,48.0,79.0,99.0,20.0,14.0,98.0,84.0,18.0,18.0,0.0,0.7598,0.9068,H,H,True
2792,M,28.0,100.0,72.0,27.0,99.0,72.0,23.0,98.0,75.0,45.0,45.0,0.0,0.3538,0.7979,M,H,True
2803,M,13.0,100.0,87.0,6.0,99.0,93.0,36.0,98.0,62.0,30.0,30.0,0.0,0.5231,0.9019,M,H,True
2811,L,16.0,100.0,84.0,15.0,99.0,84.0,11.0,98.0,87.0,46.0,46.0,0.0,0.1629,0.6545,L,M,False
2812,M,36.0,100.0,64.0,43.0,99.0,56.0,26.0,98.0,72.0,89.0,89.0,0.0,0.7607,0.9343,H,H,True
2829,L,20.0,100.0,80.0,18.0,99.0,81.0,20.0,98.0,78.0,5.0,5.0,0.0,0.0918,0.4333,L,M,False
2831,M,27.0,100.0,73.0,41.0,99.0,58.0,32.0,98.0,66.0,61.0,61.0,0.0,0.3959,0.7951,M,H,True
2838,M,38.0,100.0,62.0,47.0,99.0,52.0,10.0,98.0,88.0,20.0,20.0,0.0,0.2577,0.6724,M,M,False
2840,M,82.0,100.0,18.0,80.0,99.0,19.0,54.0,98.0,44.0,70.0,70.0,0.0,0.626,0.7646,M,H,True
2844,L,20.0,100.0,80.0,17.0,99.0,82.0,17.0,98.0,81.0,21.0,21.0,0.0,0.1017,0.475,L,M,False
2846,L,21.0,100.0,79.0,16.0,99.0,83.0,23.0,98.0,75.0,17.0,17.0,0.0,0.2696,0.7633,M,H,True
2866,M,79.0,100.0,21.0,72.0,99.0,27.0,58.0,98.0,40.0,50.0,50.0,0.0,0.6627,0.8032,M,H,True
2869,M,39.0,100.0,61.0,26.0,99.0,73.0,13.0,98.0,85.0,31.0,31.0,0.0,0.4146,0.8286,M,H,True
2873,M,40.0,100.0,60.0,70.0,99.0,29.0,11.0,98.0,87.0,18.0,18.0,0.0,0.3806,0.7361,M,M,False
2875,L,11.0,100.0,89.0,4.0,99.0,95.0,11.0,98.0,87.0,12.0,12.0,0.0,0.205,0.7505,L,H,True
2886,M,18.0,100.0,82.0,28.0,99.0,71.0,40.0,98.0,58.0,20.0,20.0,0.0,0.2036,0.6426,L,M,False
2887,M,26.0,100.0,74.0,23.0,99.0,76.0,25.0,98.0,73.0,38.0,38.0,0.0,0.1898,0.6377,L,M,False
2894,L,8.0,100.0,92.0,3.0,99.0,96.0,8.0,98.0,90.0,33.0,33.0,0.0,0.3649,0.8711,M,H,True
2895,L,29.0,100.0,71.0,18.0,99.0,81.0,7.0,98.0,91.0,26.0,26.0,0.0,0.2036,0.6908,L,M,False
2896,M,56.0,100.0,44.0,46.0,99.0,53.0,38.0,98.0,60.0,53.0,53.0,0.0,0.7536,0.9138,H,H,True
2906,L,11.0,100.0,89.0,20.0,99.0,79.0,20.0,98.0,78.0,98.0,98.0,0.0,0.197,0.6962,L,M,False
2910,L,13.0,100.0,87.0,16.0,99.0,83.0,12.0,98.0,86.0,28.0,28.0,0.0,0.1639,0.6592,L,M,False
2912,M,81.0,100.0,19.0,72.0,99.0,27.0,67.0,98.0,31.0,32.0,32.0,0.0,0.5739,0.7267,M,M,False
2928,M,30.0,100.0,70.0,39.0,99.0,60.0,49.0,98.0,49.0,32.0,32.0,0.0,0.6684,0.9018,M,H,True
2931,L,11.0,100.0,89.0,7.0,99.0,92.0,10.0,98.0,88.0,6.0,6.0,0.0,0.184,0.7186,L,M,False
2936,L,14.0,100.0,86.0,12.0,99.0,87.0,5.0,98.0,93.0,22.0,22.0,0.0,0.188,0.7149,L,M,False
2939,M,21.0,100.0,79.0,16.0,99.0,83.0,31.0,98.0,67.0,17.0,17.0,0.0,0.5652,0.9031,M,H,True
2940,L,13.0,100.0,87.0,11.0,99.0,88.0,5.0,98.0,93.0,19.0,19.0,0.0,0.1857,0.7156,L,M,False
2941,M,34.0,100.0,66.0,32.0,99.0,67.0,40.0,98.0,58.0,24.0,24.0,0.0,0.2586,0.6714,M,M,False
2942,M,46.0,100.0,54.0,11.0,99.0,88.0,5.0,98.0,93.0,36.0,36.0,0.0,0.3487,0.8103,M,H,True
2943,M,56.0,100.0,44.0,80.0,99.0,19.0,14.0,98.0,84.0,19.0,19.0,0.0,0.3984,0.6945,M,M,False
2947,L,7.0,100.0,93.0,20.0,99.0,79.0,2.0,98.0,96.0,26.0,26.0,0.0,0.4864,0.9023,M,H,True
2951,M,61.0,100.0,39.0,35.0,99.0,64.0,31.0,98.0,67.0,21.0,21.0,0.0,0.2996,0.6649,M,M,False
2954,L,22.0,100.0,78.0,51.0,99.0,48.0,48.0,98.0,50.0,10.0,10.0,0.0,0.1394,0.4318,L,M,False
2962,M,41.0,100.0,59.0,80.0,99.0,19.0,9.0,98.0,89.0,19.0,19.0,0.0,0.4046,0.7359,M,M,False
2966,M,45.0,100.0,55.0,53.0,99.0,46.0,39.0,98.0,59.0,62.0,62.0,0.0,0.4734,0.7884,M,H,True
2973,M,36.0,100.0,64.0,27.0,99.0,72.0,20.0,98.0,78.0,21.0,21.0,0.0,0.5113,0.8685,M,H,True
2978,M,30.0,100.0,70.0,5.0,99.0,94.0,19.0,98.0,79.0,28.0,28.0,0.0,0.3517,0.8291,M,H,True
2984,L,38.0,100.0,62.0,20.0,99.0,79.0,8.0,98.0,90.0,15.0,15.0,0.0,0.224,0.6935,L,M,False
2985,L,8.0,100.0,92.0,45.0,99.0,54.0,18.0,98.0,80.0,12.0,12.0,0.0,0.1467,0.5536,L,M,False
2986,L,23.0,100.0,77.0,35.0,99.0,64.0,34.0,98.0,64.0,8.0,8.0,0.0,0.1154,0.4324,L,M,False
2989,M,26.0,100.0,74.0,37.0,99.0,62.0,27.0,98.0,71.0,35.0,35.0,0.0,0.2139,0.6385,L,M,False
2990,M,45.0,100.0,55.0,92.0,99.0,7.0,38.0,98.0,60.0,41.0,41.0,0.0,0.6507,0.8325,M,H,True
3007,L,10.0,100.0,90.0,11.0,99.0,88.0,25.0,98.0,73.0,71.0,71.0,0.0,0.1736,0.6747,L,M,False
3011,M,56.0,100.0,44.0,22.0,99.0,77.0,21.0,98.0,77.0,18.0,18.0,0.0,0.5667,0.8745,M,H,True
3014,M,15.0,100.0,85.0,3.0,99.0,96.0,34.0,98.0,64.0,15.0,15.0,0.0,0.5213,0.9032,M,H,True
3018,L,25.0,100.0,75.0,19.0,99.0,80.0,15.0,98.0,83.0,27.0,27.0,0.0,0.2251,0.7138,L,M,False
3023,L,0.0,100.0,100.0,0.0,99.0,99.0,5.0,98.0,93.0,80.0,80.0,0.0,0.2569,0.8276,M,H,True
3029,M,29.0,100.0,71.0,23.0,99.0,76.0,7.0,98.0,91.0,42.0,42.0,0.0,0.5643,0.9036,M,H,True
3030,L,14.0,100.0,86.0,18.0,99.0,81.0,7.0,98.0,91.0,48.0,48.0,0.0,0.4356,0.8788,M,H,True
3031,M,69.0,100.0,31.0,52.0,99.0,47.0,30.0,98.0,68.0,39.0,39.0,0.0,0.6726,0.8691,M,H,True
3037,M,20.0,100.0,80.0,20.0,99.0,79.0,3.0,98.0,95.0,25.0,25.0,0.0,0.5316,0.9051,M,H,True
3041,L,59.0,100.0,41.0,32.0,99.0,67.0,26.0,98.0,72.0,8.0,8.0,0.0,0.3358,0.7182,M,M,False
3047,M,68.0,100.0,32.0,54.0,99.0,45.0,51.0,98.0,47.0,40.0,40.0,0.0,0.4009,0.6746,M,M,False
3052,M,67.0,100.0,33.0,82.0,99.0,17.0,62.0,98.0,36.0,22.0,22.0,0.0,0.7739,0.871,H,H,True
3054,L,7.0,100.0,93.0,61.0,99.0,38.0,22.0,98.0,76.0,14.0,14.0,0.0,0.1681,0.553,L,M,False
3056,L,40.0,100.0,60.0,15.0,99.0,84.0,17.0,98.0,81.0,9.0,9.0,0.0,0.2301,0.695,L,M,False
3063,M,29.0,100.0,71.0,42.0,99.0,57.0,30.0,98.0,68.0,61.0,61.0,0.0,0.2133,0.6134,L,M,False
3067,L,7.0,100.0,93.0,52.0,99.0,47.0,29.0,98.0,69.0,18.0,18.0,0.0,0.1619,0.5518,L,M,False
3073,M,39.0,100.0,61.0,46.0,99.0,53.0,36.0,98.0,62.0,58.0,58.0,0.0,0.468,0.808,M,H,True
3077,L,33.0,100.0,67.0,31.0,99.0,68.0,23.0,98.0,75.0,34.0,34.0,0.0,0.1997,0.621,L,M,False
3081,L,7.0,100.0,93.0,7.0,99.0,92.0,2.0,98.0,96.0,7.0,7.0,0.0,0.293,0.8358,M,H,True
3087,M,42.0,100.0,58.0,52.0,99.0,47.0,61.0,98.0,37.0,35.0,35.0,0.0,0.5045,0.7901,M,H,True
3097,L,9.0,100.0,91.0,17.0,99.0,82.0,22.0,98.0,76.0,52.0,52.0,0.0,0.445,0.8783,M,H,True
3100,L,20.0,100.0,80.0,3.0,99.0,96.0,9.0,98.0,89.0,3.0,3.0,0.0,0.2388,0.775,L,H,True
3104,M,78.0,100.0,22.0,68.0,99.0,31.0,53.0,98.0,45.0,50.0,50.0,0.0,0.6433,0.8032,M,H,True
3105,M,41.0,100.0,59.0,72.0,99.0,27.0,46.0,98.0,52.0,41.0,41.0,0.0,0.554,0.8047,M,H,True
3114,L,30.0,100.0,70.0,2.0,99.0,97.0,27.0,98.0,71.0,23.0,23.0,0.0,0.1025,0.4743,L,M,False
3115,M,61.0,100.0,39.0,84.0,99.0,15.0,22.0,98.0,76.0,41.0,41.0,0.0,0.7876,0.9048,H,H,True
3119,L,21.0,100.0,79.0,21.0,99.0,78.0,27.0,98.0,71.0,12.0,12.0,0.0,0.1524,0.5805,L,M,False
3121,M,59.0,100.0,41.0,81.0,99.0,18.0,75.0,98.0,23.0,62.0,62.0,0.0,0.6265,0.7776,M,H,True
3126,L,37.0,100.0,63.0,20.0,99.0,79.0,12.0,98.0,86.0,24.0,24.0,0.0,0.1152,0.474,L,M,False
3127,L,29.0,100.0,71.0,12.0,99.0,87.0,5.0,98.0,93.0,15.0,15.0,0.0,0.2138,0.7197,L,M,False
3131,M,60.0,100.0,40.0,60.0,99.0,39.0,33.0,98.0,65.0,90.0,90.0,0.0,0.3994,0.703,M,M,False
3146,L,36.0,100.0,64.0,50.0,99.0,49.0,14.0,98.0,84.0,56.0,56.0,0.0,0.3619,0.7624,M,H,True
3150,M,28.0,100.0,72.0,59.0,99.0,40.0,29.0,98.0,69.0,28.0,28.0,0.0,0.2754,0.6592,M,M,False
3157,L,26.0,100.0,74.0,25.0,99.0,74.0,22.0,98.0,76.0,33.0,33.0,0.0,0.1244,0.4976,L,M,False
3160,M,12.0,100.0,88.0,24.0,99.0,75.0,26.0,98.0,72.0,43.0,43.0,0.0,0.6902,0.9377,M,H,True
3163,M,58.0,100.0,42.0,55.0,99.0,44.0,43.0,98.0,55.0,43.0,43.0,0.0,0.7173,0.888,M,H,True
3165,L,31.0,100.0,69.0,11.0,99.0,88.0,6.0,98.0,92.0,20.0,20.0,0.0,0.1354,0.5782,L,M,False
3171,M,70.0,100.0,30.0,76.0,99.0,23.0,60.0,98.0,38.0,61.0,61.0,0.0,0.7933,0.8865,H,H,True
3180,M,75.0,100.0,25.0,59.0,99.0,40.0,62.0,98.0,36.0,40.0,40.0,0.0,0.6001,0.7851,M,H,True
3182,M,28.0,100.0,72.0,70.0,99.0,29.0,52.0,98.0,46.0,34.0,34.0,0.0,0.7391,0.9038,M,H,True
3188,M,64.0,100.0,36.0,82.0,99.0,17.0,70.0,98.0,28.0,55.0,55.0,0.0,0.6339,0.7785,M,H,True
3189,M,52.0,100.0,48.0,86.0,99.0,13.0,50.0,98.0,48.0,41.0,41.0,0.0,0.6034,0.7922,M,H,True
3195,L,14.0,100.0,86.0,19.0,99.0,80.0,32.0,98.0,66.0,28.0,28.0,0.0,0.4878,0.8809,M,H,True
3200,M,32.0,100.0,68.0,28.0,99.0,71.0,17.0,98.0,81.0,27.0,27.0,0.0,0.4102,0.8292,M,H,True
3213,L,19.0,100.0,81.0,12.0,99.0,87.0,6.0,98.0,92.0,23.0,23.0,0.0,0.4135,0.8722,M,H,True
3216,M,71.0,100.0,29.0,51.0,99.0,48.0,61.0,98.0,37.0,49.0,49.0,0.0,0.3143,0.5696,M,M,False
3223,L,26.0,100.0,74.0,6.0,99.0,93.0,11.0,98.0,87.0,15.0,15.0,0.0,0.2548,0.7727,M,H,True
3232,L,27.0,100.0,73.0,29.0,99.0,70.0,39.0,98.0,59.0,79.0,79.0,0.0,0.2403,0.6726,L,M,False
3236,L,13.0,100.0,87.0,11.0,99.0,88.0,3.0,98.0,95.0,59.0,59.0,0.0,0.1802,0.7104,L,M,False
3239,M,40.0,100.0,60.0,16.0,99.0,83.0,9.0,98.0,89.0,20.0,20.0,0.0,0.3573,0.813,M,H,True
3252,M,77.0,100.0,23.0,79.0,99.0,20.0,69.0,98.0,29.0,19.0,19.0,0.0,0.6756,0.793,M,H,True
3259,M,70.0,100.0,30.0,28.0,99.0,71.0,32.0,98.0,66.0,57.0,57.0,0.0,0.6647,0.8866,M,H,True
3261,L,14.0,100.0,86.0,21.0,99.0,78.0,23.0,98.0,75.0,15.0,15.0,0.0,0.1212,0.5287,L,M,False
3270,M,78.0,100.0,22.0,77.0,99.0,22.0,69.0,98.0,29.0,49.0,49.0,0.0,0.7131,0.8202,M,H,True
3271,M,46.0,100.0,54.0,38.0,99.0,61.0,37.0,98.0,61.0,32.0,32.0,0.0,0.2622,0.6393,M,M,False
3274,L,8.0,100.0,92.0,6.0,99.0,93.0,4.0,98.0,94.0,22.0,22.0,0.0,0.1672,0.7092,L,M,False
3275,M,29.0,100.0,71.0,78.0,99.0,21.0,40.0,98.0,58.0,12.0,12.0,0.0,0.4974,0.7865,M,H,True
3281,M,45.0,100.0,55.0,54.0,99.0,45.0,26.0,98.0,72.0,90.0,90.0,0.0,0.7935,0.9343,H,H,True
3284,M,21.0,100.0,79.0,20.0,99.0,79.0,24.0,98.0,74.0,33.0,33.0,0.0,0.1375,0.554,L,M,False
3285,L,45.0,100.0,55.0,31.0,99.0,68.0,10.0,98.0,88.0,33.0,33.0,0.0,0.275,0.7117,M,M,False
3291,M,30.0,100.0,70.0,12.0,99.0,87.0,29.0,98.0,69.0,23.0,23.0,0.0,0.4449,0.8577,M,H,True
3298,L,12.0,100.0,88.0,24.0,99.0,75.0,15.0,98.0,83.0,36.0,36.0,0.0,0.4638,0.8801,M,H,True
3304,L,4.0,100.0,96.0,1.0,99.0,98.0,2.0,98.0,96.0,8.0,8.0,0.0,0.1167,0.6282,L,M,False
3311,L,10.0,100.0,90.0,7.0,99.0,92.0,0.0,98.0,98.0,30.0,30.0,0.0,0.1243,0.6221,L,M,False
3314,M,59.0,100.0,41.0,44.0,99.0,55.0,40.0,98.0,58.0,29.0,29.0,0.0,0.4851,0.7871,M,H,True
3315,M,44.0,100.0,56.0,76.0,99.0,23.0,44.0,98.0,54.0,9.0,9.0,0.0,0.8256,0.9283,H,H,True
3319,M,21.0,100.0,79.0,29.0,99.0,70.0,10.0,98.0,88.0,18.0,18.0,0.0,0.4572,0.8673,M,H,True
3321,M,68.0,100.0,32.0,62.0,99.0,37.0,31.0,98.0,67.0,20.0,20.0,0.0,0.3776,0.6652,M,M,False
3323,L,6.0,100.0,94.0,37.0,99.0,62.0,4.0,98.0,94.0,28.0,28.0,0.0,0.5321,0.9021,M,H,True
3324,M,30.0,100.0,70.0,31.0,99.0,68.0,21.0,98.0,77.0,27.0,27.0,0.0,0.6151,0.9049,M,H,True
3327,L,9.0,100.0,91.0,8.0,99.0,91.0,8.0,98.0,90.0,14.0,14.0,0.0,0.1346,0.6338,L,M,False
3350,M,67.0,100.0,33.0,67.0,99.0,32.0,58.0,98.0,40.0,61.0,61.0,0.0,0.7291,0.8639,M,H,True
3352,M,61.0,100.0,39.0,65.0,99.0,34.0,58.0,98.0,40.0,28.0,28.0,0.0,0.3027,0.5495,M,M,False
3357,M,45.0,100.0,55.0,55.0,99.0,44.0,4.0,98.0,94.0,17.0,17.0,0.0,0.6822,0.9058,M,H,True
3358,L,11.0,100.0,89.0,16.0,99.0,83.0,13.0,98.0,85.0,54.0,54.0,0.0,0.2386,0.7628,L,H,True
3360,M,63.0,100.0,37.0,68.0,99.0,31.0,42.0,98.0,56.0,45.0,45.0,0.0,0.6048,0.8122,M,H,True
3371,L,10.0,100.0,90.0,3.0,99.0,96.0,2.0,98.0,96.0,12.0,12.0,0.0,0.1237,0.6271,L,M,False
3373,L,12.0,100.0,88.0,14.0,99.0,85.0,13.0,98.0,85.0,32.0,32.0,0.0,0.4351,0.8805,M,H,True
3376,M,76.0,100.0,24.0,46.0,99.0,53.0,24.0,98.0,74.0,50.0,50.0,0.0,0.7729,0.9144,H,H,True
3393,M,7.0,100.0,93.0,6.0,99.0,93.0,37.0,98.0,61.0,13.0,13.0,0.0,0.5146,0.9034,M,H,True
3394,M,70.0,100.0,30.0,71.0,99.0,28.0,72.0,98.0,26.0,82.0,82.0,0.0,0.4741,0.6638,M,M,False
3396,M,61.0,100.0,39.0,60.0,99.0,39.0,54.0,98.0,44.0,57.0,57.0,0.0,0.2335,0.4751,L,M,False
3398,M,86.0,100.0,14.0,84.0,99.0,15.0,78.0,98.0,20.0,81.0,81.0,0.0,0.6786,0.7624,M,H,True
3399,L,8.0,100.0,92.0,10.0,99.0,89.0,14.0,98.0,84.0,12.0,12.0,0.0,0.1016,0.5296,L,M,False
3400,M,73.0,100.0,27.0,58.0,99.0,41.0,45.0,98.0,53.0,34.0,34.0,0.0,0.4151,0.6762,M,M,False
3402,M,40.0,100.0,60.0,44.0,99.0,55.0,22.0,98.0,76.0,45.0,45.0,0.0,0.2286,0.6179,L,M,False
3409,M,25.0,100.0,75.0,29.0,99.0,70.0,34.0,98.0,64.0,33.0,33.0,0.0,0.16,0.554,L,M,False
3412,M,67.0,100.0,33.0,88.0,99.0,11.0,74.0,98.0,24.0,56.0,56.0,0.0,0.7063,0.8104,M,H,True
3427,M,10.0,100.0,90.0,4.0,99.0,95.0,2.0,98.0,96.0,24.0,24.0,0.0,0.1444,0.6714,L,M,False
3437,M,58.0,100.0,42.0,88.0,99.0,11.0,21.0,98.0,77.0,36.0,36.0,0.0,0.5759,0.7931,M,H,True
3441,M,84.0,100.0,16.0,53.0,99.0,46.0,67.0,98.0,31.0,65.0,65.0,0.0,0.5216,0.7192,M,M,False
3444,L,6.0,100.0,94.0,7.0,99.0,92.0,12.0,98.0,86.0,29.0,29.0,0.0,0.1284,0.6224,L,M,False
3449,M,50.0,100.0,50.0,50.0,99.0,49.0,29.0,98.0,69.0,31.0,31.0,0.0,0.2173,0.5486,L,M,False
3457,L,22.0,100.0,78.0,30.0,99.0,69.0,24.0,98.0,74.0,41.0,41.0,0.0,0.5199,0.8795,M,H,True
3462,M,87.0,100.0,13.0,55.0,99.0,44.0,80.0,98.0,18.0,96.0,96.0,0.0,0.6112,0.7593,M,H,True
3467,L,42.0,100.0,58.0,28.0,99.0,71.0,11.0,98.0,87.0,34.0,34.0,0.0,0.3253,0.7668,M,H,True
3477,L,7.0,100.0,93.0,7.0,99.0,92.0,9.0,98.0,89.0,16.0,16.0,0.0,0.2741,0.8173,M,H,True
3480,M,78.0,100.0,22.0,98.0,99.0,1.0,10.0,98.0,88.0,11.0,11.0,0.0,0.7588,0.87,H,H,True
3485,L,30.0,100.0,70.0,24.0,99.0,75.0,5.0,98.0,93.0,36.0,36.0,0.0,0.1686,0.6204,L,M,False
3496,M,60.0,100.0,40.0,52.0,99.0,47.0,23.0,98.0,75.0,33.0,33.0,0.0,0.637,0.8671,M,H,True
3500,L,15.0,100.0,85.0,7.0,99.0,92.0,10.0,98.0,88.0,21.0,21.0,0.0,0.19,0.7192,L,M,False
3505,L,21.0,100.0,79.0,10.0,99.0,89.0,28.0,98.0,70.0,20.0,20.0,0.0,0.3381,0.8181,M,H,True
3508,M,56.0,100.0,44.0,59.0,99.0,40.0,42.0,98.0,56.0,44.0,44.0,0.0,0.511,0.781,M,H,True
3516,L,18.0,100.0,82.0,14.0,99.0,85.0,11.0,98.0,87.0,58.0,58.0,0.0,0.1965,0.7065,L,M,False
3517,L,9.0,100.0,91.0,40.0,99.0,59.0,6.0,98.0,92.0,30.0,30.0,0.0,0.5506,0.9019,M,H,True
3520,M,72.0,100.0,28.0,83.0,99.0,16.0,48.0,98.0,50.0,53.0,53.0,0.0,0.8417,0.9131,H,H,True
3526,L,76.0,100.0,24.0,43.0,99.0,56.0,20.0,98.0,78.0,15.0,15.0,0.0,0.3942,0.7197,M,M,False
3531,L,69.0,100.0,31.0,41.0,99.0,58.0,2.0,98.0,96.0,15.0,15.0,0.0,0.3441,0.7197,M,M,False
3532,M,6.0,100.0,94.0,2.0,99.0,97.0,38.0,98.0,60.0,12.0,12.0,0.0,0.5034,0.9035,M,H,True
3537,M,85.0,100.0,15.0,15.0,99.0,84.0,22.0,98.0,76.0,53.0,53.0,0.0,0.654,0.887,M,H,True
3538,L,2.0,100.0,98.0,8.0,99.0,91.0,8.0,98.0,90.0,64.0,64.0,0.0,0.2839,0.83,M,H,True
3545,L,9.0,100.0,91.0,11.0,99.0,88.0,33.0,98.0,65.0,51.0,51.0,0.0,0.1482,0.6162,L,M,False
3549,M,59.0,100.0,41.0,66.0,99.0,33.0,57.0,98.0,41.0,49.0,49.0,0.0,0.2459,0.4775,L,M,False
3555,M,79.0,100.0,21.0,79.0,99.0,20.0,67.0,98.0,31.0,86.0,86.0,0.0,0.7247,0.8258,M,H,True
3559,L,13.0,100.0,87.0,10.0,99.0,89.0,14.0,98.0,84.0,6.0,6.0,0.0,0.1061,0.5314,L,M,False
3566,M,59.0,100.0,41.0,71.0,99.0,28.0,55.0,98.0,43.0,35.0,35.0,0.0,0.5874,0.7901,M,H,True
3569,M,61.0,100.0,39.0,82.0,99.0,17.0,38.0,98.0,60.0,11.0,11.0,0.0,0.5135,0.7377,M,M,False
3576,M,12.0,100.0,88.0,13.0,99.0,86.0,15.0,98.0,83.0,21.0,21.0,0.0,0.283,0.8021,M,H,True
3583,L,14.0,100.0,86.0,13.0,99.0,86.0,3.0,98.0,95.0,70.0,70.0,0.0,0.1827,0.7078,L,M,False
3589,L,17.0,100.0,83.0,9.0,99.0,90.0,16.0,98.0,82.0,11.0,11.0,0.0,0.3116,0.8196,M,H,True
3593,M,53.0,100.0,47.0,87.0,99.0,12.0,35.0,98.0,63.0,39.0,39.0,0.0,0.8133,0.9142,H,H,True
3599,M,23.0,100.0,77.0,73.0,99.0,26.0,32.0,98.0,66.0,45.0,45.0,0.0,0.7358,0.9134,M,H,True
3601,L,23.0,100.0,77.0,20.0,99.0,79.0,9.0,98.0,89.0,20.0,20.0,0.0,0.2208,0.7185,L,M,False
3603,M,91.0,100.0,9.0,89.0,99.0,10.0,65.0,98.0,33.0,54.0,54.0,0.0,0.8446,0.8869,H,H,True
3606,M,65.0,100.0,35.0,75.0,99.0,24.0,41.0,98.0,57.0,54.0,54.0,0.0,0.764,0.8872,H,H,True
3611,M,52.0,100.0,48.0,21.0,99.0,78.0,23.0,98.0,75.0,20.0,20.0,0.0,0.6023,0.8906,M,H,True
3617,M,76.0,100.0,24.0,56.0,99.0,43.0,54.0,98.0,44.0,55.0,55.0,0.0,0.4891,0.7215,M,M,False
3620,L,6.0,100.0,94.0,16.0,99.0,83.0,20.0,98.0,78.0,12.0,12.0,0.0,0.1082,0.5296,L,M,False
3627,M,2.0,100.0,98.0,24.0,99.0,75.0,4.0,98.0,94.0,5.0,5.0,0.0,0.3934,0.87,M,H,True
3631,L,22.0,100.0,78.0,13.0,99.0,86.0,10.0,98.0,88.0,8.0,8.0,0.0,0.1919,0.6952,L,M,False
3633,M,79.0,100.0,21.0,35.0,99.0,64.0,31.0,98.0,67.0,41.0,41.0,0.0,0.702,0.8882,M,H,True
3636,L,46.0,100.0,54.0,48.0,99.0,51.0,41.0,98.0,57.0,35.0,35.0,0.0,0.7096,0.9015,M,H,True
3642,M,81.0,100.0,19.0,86.0,99.0,13.0,77.0,98.0,21.0,37.0,37.0,0.0,0.7105,0.7929,M,H,True
3647,L,8.0,100.0,92.0,25.0,99.0,74.0,1.0,98.0,97.0,70.0,70.0,0.0,0.1495,0.6387,L,M,False
3653,L,14.0,100.0,86.0,38.0,99.0,61.0,45.0,98.0,53.0,13.0,13.0,0.0,0.1163,0.431,L,M,False
3656,M,49.0,100.0,51.0,45.0,99.0,54.0,43.0,98.0,55.0,67.0,67.0,0.0,0.7423,0.9127,M,H,True
3658,M,41.0,100.0,59.0,31.0,99.0,68.0,21.0,98.0,77.0,50.0,50.0,0.0,0.4407,0.8258,M,H,True
3659,M,74.0,100.0,26.0,52.0,99.0,47.0,36.0,98.0,62.0,25.0,25.0,0.0,0.5393,0.7878,M,H,True
3661,M,48.0,100.0,52.0,30.0,99.0,69.0,51.0,98.0,47.0,55.0,55.0,0.0,0.3485,0.7215,M,M,False
3663,M,59.0,100.0,41.0,66.0,99.0,33.0,42.0,98.0,56.0,51.0,51.0,0.0,0.8489,0.9366,H,H,True
3666,M,55.0,100.0,45.0,72.0,99.0,27.0,83.0,98.0,15.0,14.0,14.0,0.0,0.5399,0.73,M,M,False
3667,M,72.0,100.0,28.0,91.0,99.0,8.0,32.0,98.0,66.0,10.0,10.0,0.0,0.5554,0.7379,M,M,False
3684,L,5.0,100.0,95.0,14.0,99.0,85.0,7.0,98.0,91.0,40.0,40.0,0.0,0.1738,0.705,L,M,False
3687,M,17.0,100.0,83.0,17.0,99.0,82.0,7.0,98.0,91.0,10.0,10.0,0.0,0.0984,0.4893,L,M,False
3689,M,42.0,100.0,58.0,58.0,99.0,41.0,54.0,98.0,44.0,54.0,54.0,0.0,0.5442,0.8107,M,H,True
3706,M,53.0,100.0,47.0,46.0,99.0,53.0,25.0,98.0,73.0,70.0,70.0,0.0,0.2205,0.5635,L,M,False
3715,M,19.0,100.0,81.0,20.0,99.0,79.0,17.0,98.0,81.0,26.0,26.0,0.0,0.589,0.9149,M,H,True
3718,M,49.0,100.0,51.0,59.0,99.0,40.0,10.0,98.0,88.0,39.0,39.0,0.0,0.7671,0.9264,H,H,True
3719,M,60.0,100.0,40.0,90.0,99.0,9.0,43.0,98.0,55.0,53.0,53.0,0.0,0.5284,0.7284,M,M,False
3731,M,41.0,100.0,59.0,39.0,99.0,60.0,35.0,98.0,63.0,39.0,39.0,0.0,0.251,0.6374,M,M,False
3734,L,63.0,100.0,37.0,36.0,99.0,63.0,32.0,98.0,66.0,31.0,31.0,0.0,0.3268,0.6848,M,M,False
3741,L,8.0,100.0,92.0,5.0,99.0,94.0,1.0,98.0,97.0,21.0,21.0,0.0,0.1221,0.6246,L,M,False
3743,M,56.0,100.0,44.0,30.0,99.0,69.0,39.0,98.0,59.0,25.0,25.0,0.0,0.4398,0.7878,M,H,True
3745,M,74.0,100.0,26.0,71.0,99.0,28.0,56.0,98.0,42.0,61.0,61.0,0.0,0.6702,0.8183,M,H,True
3750,M,37.0,100.0,63.0,44.0,99.0,55.0,11.0,98.0,87.0,45.0,45.0,0.0,0.2118,0.6179,L,M,False
3753,M,17.0,100.0,83.0,80.0,99.0,19.0,13.0,98.0,85.0,10.0,10.0,0.0,0.5924,0.8694,M,H,True
3754,L,22.0,100.0,78.0,15.0,99.0,84.0,12.0,98.0,86.0,38.0,38.0,0.0,0.2511,0.7591,M,H,True
3762,M,71.0,100.0,29.0,61.0,99.0,38.0,47.0,98.0,51.0,55.0,55.0,0.0,0.4152,0.6708,M,M,False
3768,M,40.0,100.0,60.0,38.0,99.0,61.0,32.0,98.0,66.0,36.0,36.0,0.0,0.1862,0.5471,L,M,False
3770,L,12.0,100.0,88.0,12.0,99.0,87.0,5.0,98.0,93.0,48.0,48.0,0.0,0.1357,0.6244,L,M,False
3771,M,33.0,100.0,67.0,13.0,99.0,86.0,7.0,98.0,91.0,24.0,24.0,0.0,0.3304,0.8123,M,H,True
3773,L,8.0,100.0,92.0,6.0,99.0,93.0,19.0,98.0,79.0,11.0,11.0,0.0,0.0866,0.478,L,M,False
3778,L,10.0,100.0,90.0,22.0,99.0,77.0,16.0,98.0,82.0,91.0,91.0,0.0,0.1957,0.6979,L,M,False
3781,M,8.0,100.0,92.0,20.0,99.0,79.0,9.0,98.0,89.0,49.0,49.0,0.0,0.6451,0.9374,M,H,True
3789,L,15.0,100.0,85.0,26.0,99.0,73.0,22.0,98.0,76.0,59.0,59.0,0.0,0.1841,0.651,L,M,False
3793,M,36.0,100.0,64.0,49.0,99.0,50.0,31.0,98.0,67.0,30.0,30.0,0.0,0.5847,0.8671,M,H,True
3794,M,18.0,100.0,82.0,81.0,99.0,18.0,20.0,98.0,78.0,15.0,15.0,0.0,0.2144,0.5593,L,M,False
3795,L,28.0,100.0,72.0,11.0,99.0,88.0,2.0,98.0,96.0,14.0,14.0,0.0,0.1304,0.5799,L,M,False
3803,M,62.0,100.0,38.0,62.0,99.0,37.0,51.0,98.0,47.0,64.0,64.0,0.0,0.2339,0.473,L,M,False
3830,L,20.0,100.0,80.0,14.0,99.0,85.0,12.0,98.0,86.0,70.0,70.0,0.0,0.1639,0.6481,L,M,False
3831,M,47.0,100.0,53.0,69.0,99.0,30.0,49.0,98.0,49.0,68.0,68.0,0.0,0.727,0.8858,M,H,True
3832,M,54.0,100.0,46.0,72.0,99.0,27.0,27.0,98.0,71.0,28.0,28.0,0.0,0.6832,0.8703,M,H,True
3841,M,54.0,100.0,46.0,75.0,99.0,24.0,51.0,98.0,47.0,43.0,43.0,0.0,0.6935,0.8551,M,H,True
3848,M,29.0,100.0,71.0,77.0,99.0,22.0,34.0,98.0,64.0,31.0,31.0,0.0,0.6562,0.873,M,H,True
3849,L,31.0,100.0,69.0,34.0,99.0,65.0,9.0,98.0,89.0,15.0,15.0,0.0,0.3082,0.7637,M,H,True
3854,L,3.0,100.0,97.0,30.0,99.0,69.0,14.0,98.0,84.0,43.0,43.0,0.0,0.1196,0.5443,L,M,False
3865,L,56.0,100.0,44.0,28.0,99.0,71.0,11.0,98.0,87.0,13.0,13.0,0.0,0.2749,0.694,M,M,False
3866,L,15.0,100.0,85.0,7.0,99.0,92.0,18.0,98.0,80.0,33.0,33.0,0.0,0.0899,0.4713,L,M,False
3873,M,59.0,100.0,41.0,82.0,99.0,17.0,77.0,98.0,21.0,30.0,30.0,0.0,0.5613,0.7264,M,M,False
3876,L,11.0,100.0,89.0,19.0,99.0,80.0,27.0,98.0,71.0,83.0,83.0,0.0,0.1859,0.6716,L,M,False
3879,L,80.0,100.0,20.0,44.0,99.0,55.0,35.0,98.0,63.0,10.0,10.0,0.0,0.4951,0.7647,M,H,True
3880,L,12.0,100.0,88.0,5.0,99.0,94.0,11.0,98.0,87.0,6.0,6.0,0.0,0.2848,0.8189,M,H,True
3885,M,12.0,100.0,88.0,22.0,99.0,77.0,16.0,98.0,82.0,48.0,48.0,0.0,0.6698,0.9375,M,H,True
3891,L,9.0,100.0,91.0,19.0,99.0,80.0,40.0,98.0,58.0,66.0,66.0,0.0,0.4775,0.8768,M,H,True
3920,M,66.0,100.0,34.0,63.0,99.0,36.0,39.0,98.0,59.0,92.0,92.0,0.0,0.4316,0.7025,M,M,False
3922,M,55.0,100.0,45.0,74.0,99.0,25.0,25.0,98.0,73.0,29.0,29.0,0.0,0.6866,0.8702,M,H,True
3925,M,51.0,100.0,49.0,42.0,99.0,57.0,28.0,98.0,70.0,27.0,27.0,0.0,0.5148,0.8292,M,H,True
3929,M,68.0,100.0,32.0,73.0,99.0,26.0,17.0,98.0,81.0,44.0,44.0,0.0,0.2942,0.5711,M,M,False
3939,L,2.0,100.0,98.0,2.0,99.0,97.0,3.0,98.0,95.0,17.0,17.0,0.0,0.1183,0.6329,L,M,False
3941,M,31.0,100.0,69.0,39.0,99.0,60.0,23.0,98.0,75.0,42.0,42.0,0.0,0.2077,0.6187,L,M,False
3944,M,14.0,100.0,86.0,68.0,99.0,31.0,70.0,98.0,28.0,20.0,20.0,0.0,0.8103,0.9333,H,H,True
3948,M,73.0,100.0,27.0,80.0,99.0,19.0,61.0,98.0,37.0,62.0,62.0,0.0,0.7716,0.8664,H,H,True
3954,L,7.0,100.0,93.0,5.0,99.0,94.0,4.0,98.0,94.0,17.0,17.0,0.0,0.1654,0.7104,L,M,False
3966,M,80.0,100.0,20.0,42.0,99.0,57.0,20.0,98.0,78.0,50.0,50.0,0.0,0.7681,0.9144,H,H,True
3969,M,20.0,100.0,80.0,80.0,99.0,19.0,33.0,98.0,65.0,33.0,33.0,0.0,0.5924,0.8519,M,H,True
3979,L,13.0,100.0,87.0,4.0,99.0,95.0,10.0,98.0,88.0,8.0,8.0,0.0,0.2077,0.7513,L,H,True
3981,L,11.0,100.0,89.0,3.0,99.0,96.0,10.0,98.0,88.0,4.0,4.0,0.0,0.2246,0.7748,L,H,True
3983,M,54.0,100.0,46.0,59.0,99.0,40.0,24.0,98.0,74.0,35.0,35.0,0.0,0.2872,0.6207,M,M,False
3984,M,50.0,100.0,50.0,58.0,99.0,41.0,20.0,98.0,78.0,29.0,29.0,0.0,0.3378,0.692,M,M,False
3992,L,46.0,100.0,54.0,23.0,99.0,76.0,26.0,98.0,72.0,14.0,14.0,0.0,0.3416,0.7639,M,H,True
3999,M,25.0,100.0,75.0,35.0,99.0,64.0,29.0,98.0,69.0,41.0,41.0,0.0,0.3868,0.8047,M,H,True
4001,L,9.0,100.0,91.0,4.0,99.0,95.0,3.0,98.0,95.0,7.0,7.0,0.0,0.2811,0.8289,M,H,True
4002,M,84.0,100.0,16.0,46.0,99.0,53.0,59.0,98.0,39.0,36.0,36.0,0.0,0.6176,0.8057,M,H,True
4003,L,17.0,100.0,83.0,20.0,99.0,79.0,39.0,98.0,59.0,20.0,20.0,0.0,0.513,0.8818,M,H,True
4005,L,15.0,100.0,85.0,12.0,99.0,87.0,11.0,98.0,87.0,11.0,11.0,0.0,0.247,0.7734,L,H,True
4010,L,12.0,100.0,88.0,30.0,99.0,69.0,4.0,98.0,94.0,31.0,31.0,0.0,0.2055,0.7071,L,M,False
4012,M,53.0,100.0,47.0,50.0,99.0,49.0,26.0,98.0,72.0,42.0,42.0,0.0,0.6179,0.866,M,H,True
4018,L,3.0,100.0,97.0,12.0,99.0,87.0,9.0,98.0,89.0,28.0,28.0,0.0,0.0954,0.5248,L,M,False
4019,M,25.0,100.0,75.0,34.0,99.0,65.0,10.0,98.0,88.0,36.0,36.0,0.0,0.7172,0.9381,M,H,True
4025,L,12.0,100.0,88.0,9.0,99.0,90.0,12.0,98.0,86.0,44.0,44.0,0.0,0.3171,0.8329,M,H,True
4028,M,31.0,100.0,69.0,19.0,99.0,80.0,20.0,98.0,78.0,35.0,35.0,0.0,0.4467,0.8562,M,H,True
4031,M,54.0,100.0,46.0,68.0,99.0,31.0,59.0,98.0,39.0,79.0,79.0,0.0,0.577,0.7919,M,H,True
4036,M,85.0,100.0,15.0,72.0,99.0,27.0,39.0,98.0,59.0,40.0,40.0,0.0,0.6765,0.8216,M,H,True
4043,M,62.0,100.0,38.0,82.0,99.0,17.0,91.0,98.0,7.0,48.0,48.0,0.0,0.7672,0.8513,H,H,True
4051,M,66.0,100.0,34.0,61.0,99.0,38.0,35.0,98.0,63.0,62.0,62.0,0.0,0.7914,0.9134,H,H,True
4061,M,41.0,100.0,59.0,33.0,99.0,66.0,30.0,98.0,68.0,39.0,39.0,0.0,0.2342,0.6374,L,M,False
4062,M,81.0,100.0,19.0,75.0,99.0,24.0,62.0,98.0,36.0,53.0,53.0,0.0,0.6791,0.8027,M,H,True
4073,L,30.0,100.0,70.0,25.0,99.0,74.0,5.0,98.0,93.0,35.0,35.0,0.0,0.17,0.6207,L,M,False
4079,M,73.0,100.0,27.0,84.0,99.0,15.0,52.0,98.0,46.0,69.0,69.0,0.0,0.5567,0.7248,M,M,False
4088,M,53.0,100.0,47.0,84.0,99.0,15.0,68.0,98.0,30.0,57.0,57.0,0.0,0.8168,0.9023,H,H,True
4090,L,35.0,100.0,65.0,43.0,99.0,56.0,27.0,98.0,71.0,58.0,58.0,0.0,0.2415,0.642,L,M,False
4091,M,48.0,100.0,52.0,51.0,99.0,48.0,39.0,98.0,59.0,26.0,26.0,0.0,0.7263,0.905,M,H,True
4093,L,54.0,100.0,46.0,34.0,99.0,65.0,26.0,98.0,72.0,11.0,11.0,0.0,0.3877,0.7645,M,H,True
4099,L,12.0,100.0,88.0,17.0,99.0,82.0,21.0,98.0,77.0,78.0,78.0,0.0,0.2468,0.758,L,H,True
4102,L,6.0,100.0,94.0,9.0,99.0,90.0,1.0,98.0,97.0,30.0,30.0,0.0,0.1346,0.6495,L,M,False
4103,M,81.0,100.0,19.0,62.0,99.0,37.0,72.0,98.0,26.0,64.0,64.0,0.0,0.7071,0.83,M,H,True
4105,L,60.0,100.0,40.0,37.0,99.0,62.0,12.0,98.0,86.0,17.0,17.0,0.0,0.3295,0.7192,M,M,False
4106,L,36.0,100.0,64.0,20.0,99.0,79.0,16.0,98.0,82.0,25.0,25.0,0.0,0.3763,0.8174,M,H,True
4107,M,71.0,100.0,29.0,35.0,99.0,64.0,43.0,98.0,55.0,42.0,42.0,0.0,0.4934,0.7847,M,H,True
4120,M,25.0,100.0,75.0,10.0,99.0,89.0,19.0,98.0,79.0,30.0,30.0,0.0,0.1771,0.6587,L,M,False
4142,L,16.0,100.0,84.0,14.0,99.0,85.0,6.0,98.0,92.0,20.0,20.0,0.0,0.1951,0.7154,L,M,False
4143,M,74.0,100.0,26.0,81.0,99.0,18.0,37.0,98.0,61.0,78.0,78.0,0.0,0.5784,0.763,M,H,True
4154,M,51.0,100.0,49.0,35.0,99.0,64.0,12.0,98.0,86.0,27.0,27.0,0.0,0.4348,0.8118,M,H,True
4155,M,57.0,100.0,43.0,31.0,99.0,68.0,30.0,98.0,68.0,34.0,34.0,0.0,0.6462,0.8892,M,H,True
4164,M,13.0,100.0,87.0,89.0,99.0,10.0,31.0,98.0,67.0,15.0,15.0,0.0,0.3472,0.6954,M,M,False
4165,M,45.0,100.0,55.0,83.0,99.0,16.0,55.0,98.0,43.0,50.0,50.0,0.0,0.6959,0.8542,M,H,True
4167,M,20.0,100.0,80.0,54.0,99.0,45.0,42.0,98.0,56.0,20.0,20.0,0.0,0.2726,0.6657,M,M,False
4173,L,9.0,100.0,91.0,2.0,99.0,97.0,8.0,98.0,90.0,31.0,31.0,0.0,0.1689,0.7129,L,M,False
4178,L,16.0,100.0,84.0,8.0,99.0,91.0,21.0,98.0,77.0,17.0,17.0,0.0,0.313,0.8186,M,H,True
4188,M,23.0,100.0,77.0,27.0,99.0,72.0,9.0,98.0,89.0,23.0,23.0,0.0,0.5687,0.9053,M,H,True
4192,M,71.0,100.0,29.0,89.0,99.0,10.0,29.0,98.0,69.0,24.0,24.0,0.0,0.6269,0.7952,M,H,True
4197,M,43.0,100.0,57.0,33.0,99.0,66.0,18.0,98.0,80.0,26.0,26.0,0.0,0.2492,0.6709,L,M,False
4212,M,19.0,100.0,81.0,19.0,99.0,80.0,48.0,98.0,50.0,21.0,21.0,0.0,0.3452,0.7926,M,H,True
4216,M,35.0,100.0,65.0,46.0,99.0,53.0,52.0,98.0,46.0,35.0,35.0,0.0,0.4547,0.7901,M,H,True
4220,M,65.0,100.0,35.0,55.0,99.0,44.0,39.0,98.0,59.0,40.0,40.0,0.0,0.3609,0.66,M,M,False
4225,M,37.0,100.0,63.0,18.0,99.0,81.0,30.0,98.0,68.0,29.0,29.0,0.0,0.1553,0.5492,L,M,False
4235,L,21.0,100.0,79.0,18.0,99.0,81.0,1.0,98.0,97.0,42.0,42.0,0.0,0.1267,0.5717,L,M,False
4237,M,45.0,100.0,55.0,40.0,99.0,59.0,23.0,98.0,75.0,43.0,43.0,0.0,0.2626,0.6592,M,M,False
4256,M,18.0,100.0,82.0,26.0,99.0,73.0,13.0,98.0,85.0,19.0,19.0,0.0,0.109,0.4866,L,M,False
4271,M,20.0,100.0,80.0,23.0,99.0,76.0,7.0,98.0,91.0,25.0,25.0,0.0,0.5465,0.9051,M,H,True
4282,M,43.0,100.0,57.0,41.0,99.0,58.0,18.0,98.0,80.0,59.0,59.0,0.0,0.2213,0.614,L,M,False
4287,M,40.0,100.0,60.0,40.0,99.0,59.0,39.0,98.0,59.0,36.0,36.0,0.0,0.1993,0.5531,L,M,False
4288,L,3.0,100.0,97.0,13.0,99.0,86.0,10.0,98.0,88.0,26.0,26.0,0.0,0.0968,0.5254,L,M,False
4289,M,47.0,100.0,53.0,88.0,99.0,11.0,17.0,98.0,81.0,35.0,35.0,0.0,0.6782,0.8652,M,H,True
4290,M,75.0,100.0,25.0,70.0,99.0,29.0,66.0,98.0,32.0,71.0,71.0,0.0,0.7959,0.8855,H,H,True
4306,M,34.0,100.0,66.0,81.0,99.0,18.0,26.0,98.0,72.0,19.0,19.0,0.0,0.6538,0.8684,M,H,True
4315,M,25.0,100.0,75.0,36.0,99.0,63.0,48.0,98.0,50.0,16.0,16.0,0.0,0.2377,0.6437,L,M,False
4317,M,40.0,100.0,60.0,82.0,99.0,17.0,69.0,98.0,29.0,47.0,47.0,0.0,0.5769,0.7805,M,H,True
4319,M,36.0,100.0,64.0,41.0,99.0,58.0,26.0,98.0,72.0,27.0,27.0,0.0,0.6166,0.8899,M,H,True
4321,M,57.0,100.0,43.0,42.0,99.0,57.0,24.0,98.0,74.0,67.0,67.0,0.0,0.7281,0.913,M,H,True
4327,M,60.0,100.0,40.0,82.0,99.0,17.0,41.0,98.0,57.0,47.0,47.0,0.0,0.731,0.8681,M,H,True
4330,M,28.0,100.0,72.0,71.0,99.0,28.0,39.0,98.0,59.0,28.0,28.0,0.0,0.4696,0.7836,M,H,True
4341,M,23.0,100.0,77.0,10.0,99.0,89.0,14.0,98.0,84.0,39.0,39.0,0.0,0.3369,0.8274,M,H,True
4342,M,27.0,100.0,73.0,76.0,99.0,23.0,30.0,98.0,68.0,43.0,43.0,0.0,0.7184,0.903,M,H,True
4357,L,8.0,100.0,92.0,30.0,99.0,69.0,5.0,98.0,93.0,20.0,20.0,0.0,0.2314,0.7447,L,M,False
4360,M,38.0,100.0,62.0,50.0,99.0,49.0,35.0,98.0,63.0,38.0,38.0,0.0,0.7493,0.9223,M,H,True
4363,M,28.0,100.0,72.0,90.0,99.0,9.0,23.0,98.0,75.0,17.0,17.0,0.0,0.5874,0.836,M,H,True
4367,L,53.0,100.0,47.0,25.0,99.0,74.0,13.0,98.0,85.0,16.0,16.0,0.0,0.2652,0.6933,M,M,False
4370,M,57.0,100.0,43.0,44.0,99.0,55.0,31.0,98.0,67.0,43.0,43.0,0.0,0.3193,0.6739,M,M,False
4371,L,26.0,100.0,74.0,9.0,99.0,90.0,5.0,98.0,93.0,13.0,13.0,0.0,0.2304,0.7503,L,H,True
4383,M,72.0,100.0,28.0,61.0,99.0,38.0,43.0,98.0,55.0,38.0,38.0,0.0,0.6128,0.8133,M,H,True
4395,L,17.0,100.0,83.0,4.0,99.0,95.0,10.0,98.0,88.0,5.0,5.0,0.0,0.2362,0.7746,L,H,True
4399,L,15.0,100.0,85.0,31.0,99.0,68.0,17.0,98.0,81.0,21.0,21.0,0.0,0.2326,0.7152,L,M,False
4403,L,19.0,100.0,81.0,20.0,99.0,79.0,5.0,98.0,93.0,24.0,24.0,0.0,0.152,0.6238,L,M,False
4405,L,27.0,100.0,73.0,25.0,99.0,74.0,15.0,98.0,83.0,10.0,10.0,0.0,0.1331,0.5302,L,M,False
4409,M,78.0,100.0,22.0,81.0,99.0,18.0,45.0,98.0,53.0,42.0,42.0,0.0,0.6635,0.8045,M,H,True
4413,M,50.0,100.0,50.0,72.0,99.0,27.0,42.0,98.0,56.0,36.0,36.0,0.0,0.4485,0.7251,M,M,False
4416,M,59.0,100.0,41.0,29.0,99.0,70.0,46.0,98.0,52.0,74.0,74.0,0.0,0.2242,0.5623,L,M,False
4428,M,82.0,100.0,18.0,67.0,99.0,32.0,79.0,98.0,19.0,89.0,89.0,0.0,0.5672,0.7136,M,M,False
4430,M,14.0,100.0,86.0,13.0,99.0,86.0,35.0,98.0,63.0,37.0,37.0,0.0,0.5405,0.9013,M,H,True
4438,L,39.0,100.0,61.0,29.0,99.0,70.0,4.0,98.0,94.0,29.0,29.0,0.0,0.2046,0.6498,L,M,False
4448,L,10.0,100.0,90.0,4.0,99.0,95.0,7.0,98.0,91.0,39.0,39.0,0.0,0.1672,0.7052,L,M,False
4455,M,59.0,100.0,41.0,83.0,99.0,16.0,70.0,98.0,28.0,58.0,58.0,0.0,0.6404,0.7892,M,H,True
4457,M,71.0,100.0,29.0,40.0,99.0,59.0,73.0,98.0,25.0,79.0,79.0,0.0,0.4597,0.716,M,M,False
4458,M,62.0,100.0,38.0,60.0,99.0,39.0,33.0,98.0,65.0,25.0,25.0,0.0,0.6776,0.868,M,H,True
4466,L,7.0,100.0,93.0,9.0,99.0,90.0,10.0,98.0,88.0,9.0,9.0,0.0,0.3872,0.8738,M,H,True
4469,L,9.0,100.0,91.0,15.0,99.0,84.0,19.0,98.0,79.0,11.0,11.0,0.0,0.1094,0.5299,L,M,False
4474,M,40.0,100.0,60.0,50.0,99.0,49.0,12.0,98.0,86.0,50.0,50.0,0.0,0.2266,0.6165,L,M,False
4484,L,39.0,100.0,61.0,37.0,99.0,62.0,14.0,98.0,84.0,13.0,13.0,0.0,0.3403,0.7641,M,H,True
4487,M,50.0,100.0,50.0,49.0,99.0,50.0,43.0,98.0,55.0,44.0,44.0,0.0,0.2975,0.636,M,M,False
4491,M,47.0,100.0,53.0,41.0,99.0,58.0,37.0,98.0,61.0,46.0,46.0,0.0,0.2827,0.6545,M,M,False
4495,L,11.0,100.0,89.0,11.0,99.0,88.0,29.0,98.0,69.0,92.0,92.0,0.0,0.1752,0.6693,L,M,False
4503,L,23.0,100.0,77.0,12.0,99.0,87.0,34.0,98.0,64.0,41.0,41.0,0.0,0.1073,0.4689,L,M,False
4505,M,64.0,100.0,36.0,56.0,99.0,43.0,24.0,98.0,74.0,36.0,36.0,0.0,0.7071,0.8887,M,H,True
4511,M,68.0,100.0,32.0,41.0,99.0,58.0,45.0,98.0,53.0,65.0,65.0,0.0,0.5861,0.8298,M,H,True
4513,L,31.0,100.0,69.0,24.0,99.0,75.0,5.0,98.0,93.0,35.0,35.0,0.0,0.17,0.6207,L,M,False
4514,L,9.0,100.0,91.0,10.0,99.0,89.0,3.0,98.0,95.0,76.0,76.0,0.0,0.171,0.7064,L,M,False
4516,M,92.0,100.0,8.0,61.0,99.0,38.0,63.0,98.0,35.0,76.0,76.0,0.0,0.8314,0.9018,H,H,True
4528,M,23.0,100.0,77.0,52.0,99.0,47.0,27.0,98.0,71.0,53.0,53.0,0.0,0.2483,0.657,L,M,False
4529,M,78.0,100.0,22.0,61.0,99.0,38.0,72.0,98.0,26.0,79.0,79.0,0.0,0.532,0.716,M,M,False
4531,M,29.0,100.0,71.0,16.0,99.0,83.0,37.0,98.0,61.0,30.0,30.0,0.0,0.5246,0.8799,M,H,True
4532,L,4.0,100.0,96.0,12.0,99.0,87.0,16.0,98.0,82.0,38.0,38.0,0.0,0.0988,0.5218,L,M,False
4535,L,27.0,100.0,73.0,9.0,99.0,90.0,5.0,98.0,93.0,8.0,8.0,0.0,0.13,0.5817,L,M,False
4538,L,70.0,100.0,30.0,41.0,99.0,58.0,3.0,98.0,95.0,18.0,18.0,0.0,0.3471,0.719,M,M,False
4539,M,84.0,100.0,16.0,75.0,99.0,24.0,46.0,98.0,52.0,12.0,12.0,0.0,0.7791,0.8752,H,H,True
4541,M,37.0,100.0,63.0,62.0,99.0,37.0,60.0,98.0,38.0,62.0,62.0,0.0,0.6278,0.8494,M,H,True
4556,M,31.0,100.0,69.0,28.0,99.0,71.0,28.0,98.0,70.0,75.0,75.0,0.0,0.4124,0.8219,M,H,True
4557,L,17.0,100.0,83.0,44.0,99.0,55.0,19.0,98.0,79.0,18.0,18.0,0.0,0.263,0.7159,M,M,False
4561,M,62.0,100.0,38.0,77.0,99.0,22.0,42.0,98.0,56.0,47.0,47.0,0.0,0.7263,0.8681,M,H,True
4562,M,52.0,100.0,48.0,41.0,99.0,58.0,36.0,98.0,62.0,50.0,50.0,0.0,0.2904,0.6534,M,M,False
4563,L,18.0,100.0,82.0,40.0,99.0,59.0,18.0,98.0,80.0,34.0,34.0,0.0,0.1493,0.547,L,M,False
4567,L,51.0,100.0,49.0,80.0,99.0,19.0,9.0,98.0,89.0,6.0,6.0,0.0,0.2531,0.5554,M,M,False
4573,L,6.0,100.0,94.0,9.0,99.0,90.0,24.0,98.0,74.0,50.0,50.0,0.0,0.1681,0.68,L,M,False
4584,L,1.0,100.0,99.0,5.0,99.0,94.0,9.0,98.0,89.0,71.0,71.0,0.0,0.2756,0.8289,M,H,True
4589,M,64.0,100.0,36.0,35.0,99.0,64.0,27.0,98.0,71.0,33.0,33.0,0.0,0.667,0.8893,M,H,True
4601,M,21.0,100.0,79.0,27.0,99.0,72.0,52.0,98.0,46.0,34.0,34.0,0.0,0.5582,0.8795,M,H,True
4616,M,66.0,100.0,34.0,49.0,99.0,50.0,45.0,98.0,53.0,63.0,63.0,0.0,0.67,0.8637,M,H,True
4618,M,22.0,100.0,78.0,71.0,99.0,28.0,30.0,98.0,68.0,30.0,30.0,0.0,0.4863,0.8113,M,H,True
4619,M,43.0,100.0,57.0,60.0,99.0,39.0,61.0,98.0,37.0,43.0,43.0,0.0,0.7228,0.8883,M,H,True
4623,M,50.0,100.0,50.0,41.0,99.0,58.0,35.0,98.0,63.0,33.0,33.0,0.0,0.4925,0.8141,M,H,True
4625,M,21.0,100.0,79.0,79.0,99.0,20.0,21.0,98.0,77.0,48.0,48.0,0.0,0.3184,0.6873,M,M,False
4631,L,13.0,100.0,87.0,15.0,99.0,84.0,1.0,98.0,97.0,38.0,38.0,0.0,0.2069,0.7409,L,M,False
4633,L,3.0,100.0,97.0,0.0,99.0,99.0,4.0,98.0,94.0,28.0,28.0,0.0,0.1562,0.7135,L,M,False
4634,L,8.0,100.0,92.0,19.0,99.0,80.0,17.0,98.0,81.0,58.0,58.0,0.0,0.1766,0.678,L,M,False
4636,M,25.0,100.0,75.0,5.0,99.0,94.0,12.0,98.0,86.0,33.0,33.0,0.0,0.3284,0.8283,M,H,True
4643,L,45.0,100.0,55.0,57.0,99.0,42.0,4.0,98.0,94.0,16.0,16.0,0.0,0.2504,0.6332,M,M,False
4644,M,49.0,100.0,51.0,56.0,99.0,43.0,39.0,98.0,59.0,41.0,41.0,0.0,0.5091,0.7986,M,H,True
4646,L,23.0,100.0,77.0,12.0,99.0,87.0,35.0,98.0,63.0,43.0,43.0,0.0,0.1077,0.4683,L,M,False
4649,M,40.0,100.0,60.0,73.0,99.0,26.0,36.0,98.0,62.0,30.0,30.0,0.0,0.5814,0.8288,M,H,True
4660,M,39.0,100.0,61.0,15.0,99.0,84.0,45.0,98.0,53.0,18.0,18.0,0.0,0.4039,0.8087,M,H,True
4666,L,11.0,100.0,89.0,10.0,99.0,89.0,24.0,98.0,74.0,84.0,84.0,0.0,0.1707,0.6713,L,M,False
4672,M,40.0,100.0,60.0,63.0,99.0,36.0,35.0,98.0,63.0,34.0,34.0,0.0,0.6419,0.8696,M,H,True
4673,L,14.0,100.0,86.0,22.0,99.0,77.0,15.0,98.0,83.0,18.0,18.0,0.0,0.2142,0.7159,L,M,False
4678,M,59.0,100.0,41.0,35.0,99.0,64.0,35.0,98.0,63.0,22.0,22.0,0.0,0.6708,0.8904,M,H,True
4684,M,56.0,100.0,44.0,25.0,99.0,74.0,41.0,98.0,57.0,87.0,87.0,0.0,0.456,0.8031,M,H,True
4689,L,38.0,100.0,62.0,21.0,99.0,78.0,10.0,98.0,88.0,9.0,9.0,0.0,0.2291,0.695,L,M,False
4694,M,67.0,100.0,33.0,31.0,99.0,68.0,42.0,98.0,56.0,14.0,14.0,0.0,0.5551,0.8312,M,H,True
4697,L,15.0,100.0,85.0,20.0,99.0,79.0,14.0,98.0,84.0,18.0,18.0,0.0,0.2114,0.7159,L,M,False
4699,M,60.0,100.0,40.0,90.0,99.0,9.0,36.0,98.0,62.0,60.0,60.0,0.0,0.7741,0.8863,H,H,True
4702,M,82.0,100.0,18.0,87.0,99.0,12.0,43.0,98.0,55.0,47.0,47.0,0.0,0.7771,0.8658,H,H,True
4705,M,78.0,100.0,22.0,79.0,99.0,20.0,34.0,98.0,64.0,37.0,37.0,0.0,0.6432,0.8054,M,H,True
4708,L,6.0,100.0,94.0,6.0,99.0,93.0,17.0,98.0,81.0,86.0,86.0,0.0,0.2949,0.8267,M,H,True
4712,M,39.0,100.0,61.0,45.0,99.0,54.0,48.0,98.0,50.0,45.0,45.0,0.0,0.2134,0.5504,L,M,False
4729,M,75.0,100.0,25.0,80.0,99.0,19.0,15.0,98.0,83.0,20.0,20.0,0.0,0.7991,0.9066,H,H,True
4730,M,34.0,100.0,66.0,78.0,99.0,21.0,53.0,98.0,45.0,58.0,58.0,0.0,0.8295,0.931,H,H,True
4731,M,35.0,100.0,65.0,27.0,99.0,72.0,31.0,98.0,67.0,33.0,33.0,0.0,0.2165,0.639,L,M,False
4733,L,25.0,100.0,75.0,14.0,99.0,85.0,11.0,98.0,87.0,32.0,32.0,0.0,0.107,0.4979,L,M,False
4740,L,60.0,100.0,40.0,56.0,99.0,43.0,45.0,98.0,53.0,38.0,38.0,0.0,0.3223,0.6199,M,M,False
4746,M,32.0,100.0,68.0,77.0,99.0,22.0,19.0,98.0,79.0,20.0,20.0,0.0,0.3423,0.6942,M,M,False
4765,L,15.0,100.0,85.0,2.0,99.0,97.0,6.0,98.0,92.0,4.0,4.0,0.0,0.3839,0.8743,M,H,True
4775,M,40.0,100.0,60.0,47.0,99.0,52.0,48.0,98.0,50.0,13.0,13.0,0.0,0.637,0.8751,M,H,True
4778,M,54.0,100.0,46.0,82.0,99.0,17.0,25.0,98.0,73.0,18.0,18.0,0.0,0.4705,0.7361,M,M,False
4785,L,69.0,100.0,31.0,38.0,99.0,61.0,30.0,98.0,68.0,10.0,10.0,0.0,0.4422,0.7647,M,H,True
4786,M,63.0,100.0,37.0,57.0,99.0,42.0,31.0,98.0,67.0,29.0,29.0,0.0,0.5143,0.7871,M,H,True
4789,M,49.0,100.0,51.0,66.0,99.0,33.0,64.0,98.0,34.0,25.0,25.0,0.0,0.5939,0.8074,M,H,True
