lambda,alpha_l2,exactitud,exactitud_de,MAE
1,0.001,0.738178,0.0588452,0.191018
1,0.0001,0.733757,0.0644353,0.188095
2,0.01,0.690236,0.0639464,0.205106
2,0.001,0.686974,0.0722514,0.196174
2,0.0001,0.682593,0.0679993,0.195264
1,0.01,0.666876,0.0548431,0.213042
0.5,0.0001,0.635571,0.0451536,0.215466
0.5,0.001,0.617832,0.0524051,0.216133
3,0.01,0.61708,0.0611386,0.217139
3,0.001,0.61662,0.0520997,0.213065
3,0.0001,0.614894,0.0482121,0.212815
5,0.0001,0.530421,0.0325767,0.242261
5,0.01,0.524832,0.0347659,0.247155
5,0.001,0.480585,0.118683,0.289166
0.5,0.01,0.452943,0.0122399,0.241197
10,0.0001,0.290934,0.0032238,0.489289
10,0.001,0.290934,0.0032238,0.48929
10,0.01,0.290934,0.0032238,0.489335
